<?xml version='1.0' encoding='UTF-8' standalone='no'?>
<section xmlns="http://docbook.org/ns/docbook" version="5.0" xmlns:xlink="http://www.w3.org/1999/xlink" xml:id="_classNodeEdge" xml:lang="pt">
<title>Referência à classe NodeEdge</title>
<indexterm><primary>NodeEdge</primary></indexterm>
Diagrama de heranças da classe NodeEdge<para>
    <informalfigure>
        <mediaobject>
            <imageobject>
                <imagedata width="50%" align="center" valign="middle" scalefit="0" fileref="classNodeEdge__inherit__graph.png"></imagedata>
            </imageobject>
        </mediaobject>
    </informalfigure>
</para>
Diagrama de colaboração para NodeEdge:<para>
    <informalfigure>
        <mediaobject>
            <imageobject>
                <imagedata width="50%" align="center" valign="middle" scalefit="0" fileref="classNodeEdge__coll__graph.png"></imagedata>
            </imageobject>
        </mediaobject>
    </informalfigure>
</para>
<simplesect>
    <title>Membros públicos    </title>
        <itemizedlist>
            <listitem><para>int <link linkend="_classNodeEdge_1afca41a515e991fb76f90bcc3368497da">getPeso</link> ()</para>
</listitem>
            <listitem><para>void <link linkend="_classNodeEdge_1a4dc69269cfc61d71dbef0c0ce6bbb8fd">setPeso</link> (int val)</para>
</listitem>
        </itemizedlist>
</simplesect>
Membros públicos herdados de <link linkend="_classNode">Node</link>        <itemizedlist>
            <listitem><para><link linkend="_classNode_1ad7a34779cad45d997bfd6d3d8043c75f">Node</link> ()</para>
</listitem>
            <listitem><para><link linkend="_classNode_1aa0840c3cb5c7159be6d992adecd2097c">~Node</link> ()</para>
</listitem>
            <listitem><para><link linkend="_classNode">Node</link> * <emphasis role="strong">getProx</emphasis> ()</para>
</listitem>
            <listitem><para>void <emphasis role="strong">setProx</emphasis> (<link linkend="_classNode">Node</link> *prox)</para>
</listitem>
            <listitem><para>void <emphasis role="strong">setValue</emphasis> (int value)</para>
</listitem>
            <listitem><para>int <emphasis role="strong">getValue</emphasis> ()</para>
</listitem>
            <listitem><para>void <emphasis role="strong">setId</emphasis> (int val)</para>
</listitem>
            <listitem><para>int <emphasis role="strong">getId</emphasis> ()</para>
</listitem>
            <listitem><para>void <emphasis role="strong">setAtivo</emphasis> (bool value)</para>
</listitem>
            <listitem><para>bool <emphasis role="strong">getAtivo</emphasis> ()</para>
</listitem>
        </itemizedlist>
<section>
<title>Documentação das funções</title>
<anchor xml:id="_classNodeEdge_1afca41a515e991fb76f90bcc3368497da"/><section>
    <title>getPeso()</title>
<indexterm><primary>getPeso</primary><secondary>NodeEdge</secondary></indexterm>
<indexterm><primary>NodeEdge</primary><secondary>getPeso</secondary></indexterm>
<para><computeroutput>int NodeEdge::getPeso ( )<computeroutput>[inline]</computeroutput></computeroutput></para>
<para>Retorna o peso da aresta </para>
</section>
<anchor xml:id="_classNodeEdge_1a4dc69269cfc61d71dbef0c0ce6bbb8fd"/><section>
    <title>setPeso()</title>
<indexterm><primary>setPeso</primary><secondary>NodeEdge</secondary></indexterm>
<indexterm><primary>NodeEdge</primary><secondary>setPeso</secondary></indexterm>
<para><computeroutput>void NodeEdge::setPeso (int val)<computeroutput>[inline]</computeroutput></computeroutput></para>
<para>Define o peso da aresta </para>
</section>
<para>
A documentação para esta classe foi gerada a partir do seguinte ficheiro:</para>
NodeEdge.h</section>
</section>
