<?xml version='1.0' encoding='UTF-8' standalone='no'?>
<section xmlns="http://docbook.org/ns/docbook" version="5.0" xmlns:xlink="http://www.w3.org/1999/xlink" xml:id="_classNode" xml:lang="pt">
<title>Referência à classe Node</title>
<indexterm><primary>Node</primary></indexterm>
Diagrama de heranças da classe Node<para>
    <informalfigure>
        <mediaobject>
            <imageobject>
                <imagedata width="50%" align="center" valign="middle" scalefit="0" fileref="classNode__inherit__graph.png"></imagedata>
            </imageobject>
        </mediaobject>
    </informalfigure>
</para>
<simplesect>
    <title>Membros públicos    </title>
        <itemizedlist>
            <listitem><para><link linkend="_classNode_1ad7a34779cad45d997bfd6d3d8043c75f">Node</link> ()</para>
</listitem>
            <listitem><para><link linkend="_classNode_1aa0840c3cb5c7159be6d992adecd2097c">~Node</link> ()</para>
</listitem>
            <listitem><para><anchor xml:id="_classNode_1af617b121a30ac20be45fe8591cdf5a5f"/><link linkend="_classNode">Node</link> * <emphasis role="strong">getProx</emphasis> ()</para>
</listitem>
            <listitem><para><anchor xml:id="_classNode_1a175bf03a204c800b9bcc0bac42700217"/>void <emphasis role="strong">setProx</emphasis> (<link linkend="_classNode">Node</link> *prox)</para>
</listitem>
            <listitem><para><anchor xml:id="_classNode_1a9e337c1790152faf945a87207d7e1125"/>void <emphasis role="strong">setValue</emphasis> (int value)</para>
</listitem>
            <listitem><para><anchor xml:id="_classNode_1affbe7f986fd7ed645c5bc361363e96ec"/>int <emphasis role="strong">getValue</emphasis> ()</para>
</listitem>
            <listitem><para><anchor xml:id="_classNode_1ae18ddcaaccbe75c7111f4d547fc734bd"/>void <emphasis role="strong">setId</emphasis> (int val)</para>
</listitem>
            <listitem><para><anchor xml:id="_classNode_1a3c7b8ccf4dab44216b997c5f63f11d9f"/>int <emphasis role="strong">getId</emphasis> ()</para>
</listitem>
            <listitem><para><anchor xml:id="_classNode_1a1d7616c516811df6750170191857cba6"/>void <emphasis role="strong">setAtivo</emphasis> (bool value)</para>
</listitem>
            <listitem><para><anchor xml:id="_classNode_1a2ab3fb6dc0c3817d68c79f1c2baaed83"/>bool <emphasis role="strong">getAtivo</emphasis> ()</para>
</listitem>
        </itemizedlist>
</simplesect>
<section>
<title>Documentação dos Construtores &amp; Destrutor</title>
<anchor xml:id="_classNode_1ad7a34779cad45d997bfd6d3d8043c75f"/><section>
    <title>Node()</title>
<indexterm><primary>Node</primary><secondary>Node</secondary></indexterm>
<indexterm><primary>Node</primary><secondary>Node</secondary></indexterm>
<para><computeroutput>Node::Node ( )<computeroutput>[inline]</computeroutput></computeroutput></para>
<para>Construtor da classe <link linkend="_classNode">Node</link> </para>
</section>
<anchor xml:id="_classNode_1aa0840c3cb5c7159be6d992adecd2097c"/><section>
    <title>~Node()</title>
<indexterm><primary>~Node</primary><secondary>Node</secondary></indexterm>
<indexterm><primary>Node</primary><secondary>~Node</secondary></indexterm>
<para><computeroutput>Node::~Node ( )<computeroutput>[inline]</computeroutput></computeroutput></para>
<para>Destrutor da classe <link linkend="_classNode">Node</link> </para>
</section>
<para>
A documentação para esta classe foi gerada a partir do seguinte ficheiro:</para>
Node.h</section>
</section>
