<?xml version='1.0' encoding='UTF-8' standalone='no'?>
<section xmlns="http://docbook.org/ns/docbook" version="5.0" xmlns:xlink="http://www.w3.org/1999/xlink" xml:id="_classNodeVertex" xml:lang="pt">
<title>Referência à classe NodeVertex</title>
<indexterm><primary>NodeVertex</primary></indexterm>
Diagrama de heranças da classe NodeVertex<para>
    <informalfigure>
        <mediaobject>
            <imageobject>
                <imagedata width="50%" align="center" valign="middle" scalefit="0" fileref="classNodeVertex__inherit__graph.png"></imagedata>
            </imageobject>
        </mediaobject>
    </informalfigure>
</para>
Diagrama de colaboração para NodeVertex:<para>
    <informalfigure>
        <mediaobject>
            <imageobject>
                <imagedata width="50%" align="center" valign="middle" scalefit="0" fileref="classNodeVertex__coll__graph.png"></imagedata>
            </imageobject>
        </mediaobject>
    </informalfigure>
</para>
<simplesect>
    <title>Membros públicos    </title>
        <itemizedlist>
            <listitem><para><link linkend="_classLinked__list">Linked_list</link>&lt; <link linkend="_classNodeEdge">NodeEdge</link> &gt; * <link linkend="_classNodeVertex_1a77d53e9ca5af405938df4178efaae8c5">getArestas</link> ()</para>
</listitem>
        </itemizedlist>
</simplesect>
Membros públicos herdados de <link linkend="_classNode">Node</link>        <itemizedlist>
            <listitem><para><link linkend="_classNode_1ad7a34779cad45d997bfd6d3d8043c75f">Node</link> ()</para>
</listitem>
            <listitem><para><link linkend="_classNode_1aa0840c3cb5c7159be6d992adecd2097c">~Node</link> ()</para>
</listitem>
            <listitem><para><link linkend="_classNode">Node</link> * <emphasis role="strong">getProx</emphasis> ()</para>
</listitem>
            <listitem><para>void <emphasis role="strong">setProx</emphasis> (<link linkend="_classNode">Node</link> *prox)</para>
</listitem>
            <listitem><para>void <emphasis role="strong">setValue</emphasis> (int value)</para>
</listitem>
            <listitem><para>int <emphasis role="strong">getValue</emphasis> ()</para>
</listitem>
            <listitem><para>void <emphasis role="strong">setId</emphasis> (int val)</para>
</listitem>
            <listitem><para>int <emphasis role="strong">getId</emphasis> ()</para>
</listitem>
            <listitem><para>void <emphasis role="strong">setAtivo</emphasis> (bool value)</para>
</listitem>
            <listitem><para>bool <emphasis role="strong">getAtivo</emphasis> ()</para>
</listitem>
        </itemizedlist>
<section>
<title>Documentação das funções</title>
<anchor xml:id="_classNodeVertex_1a77d53e9ca5af405938df4178efaae8c5"/><section>
    <title>getArestas()</title>
<indexterm><primary>getArestas</primary><secondary>NodeVertex</secondary></indexterm>
<indexterm><primary>NodeVertex</primary><secondary>getArestas</secondary></indexterm>
<para><computeroutput><link linkend="_classLinked__list">Linked_list</link>&lt; <link linkend="_classNodeEdge">NodeEdge</link> &gt; * NodeVertex::getArestas ( )<computeroutput>[inline]</computeroutput></computeroutput></para>
<para>Retorna o vetor de arestas do vértice </para>
</section>
<para>
A documentação para esta classe foi gerada a partir do seguinte ficheiro:</para>
NodeVertex.h</section>
</section>
