<?xml version='1.0' encoding='UTF-8' standalone='no'?>
<section xmlns="http://docbook.org/ns/docbook" version="5.0" xmlns:xlink="http://www.w3.org/1999/xlink" xml:id="_GrafoAbstract_8hpp_source" xml:lang="pt">
<title>GrafoAbstract.hpp</title>
Ir para a documentação deste ficheiro.<programlisting linenumbering="unnumbered">1 <emphasis role="preprocessor">#include&#32;&lt;iostream&gt;</emphasis>
2 <emphasis role="preprocessor">#include&#32;&lt;fstream&gt;</emphasis>
3 <emphasis role="keyword">using&#32;namespace&#32;</emphasis>std;
4 
5 <emphasis role="preprocessor">#ifndef&#32;GRAFOABSTRACT_H</emphasis>
6 <emphasis role="preprocessor">#define&#32;GRAFOABSTRACT_H</emphasis><emphasis role="preprocessor"></emphasis>
11 <emphasis role="keyword">class&#32;</emphasis><link linkend="_classGrafoAbstract">GrafoAbstract</link>
12 {&#32;&#32;&#32;
13 &#32;&#32;&#32;&#32;<emphasis role="keyword">private</emphasis>:
14 &#32;&#32;&#32;&#32;&#32;&#32;&#32;&#32;<emphasis role="keyword">const</emphasis>&#32;<emphasis role="keywordtype">string</emphasis>&#32;grafoText&#32;=<emphasis role="stringliteral">&quot;../grafo.txt&quot;</emphasis>;
15 &#32;&#32;&#32;&#32;&#32;&#32;&#32;&#32;<emphasis role="keyword">const</emphasis>&#32;<emphasis role="keywordtype">string</emphasis>&#32;descText&#32;=&#32;<emphasis role="stringliteral">&quot;../descricao.txt&quot;</emphasis>;
16 &#32;&#32;&#32;&#32;&#32;&#32;&#32;&#32;<emphasis role="keywordtype">int</emphasis>&#32;ordem;
17 &#32;&#32;&#32;&#32;&#32;&#32;&#32;&#32;<emphasis role="keywordtype">bool</emphasis>&#32;direcionado,&#32;verticePeso,&#32;arestaPeso;
18 
19 &#32;&#32;&#32;&#32;&#32;&#32;&#32;&#32;<emphasis role="keywordtype">bool</emphasis>&#32;arquivoVazio(<emphasis role="keywordtype">string</emphasis>&#32;nomeArquivo)&#32;{
20 &#32;&#32;&#32;&#32;&#32;&#32;&#32;&#32;&#32;&#32;&#32;&#32;ifstream&#32;outFile(nomeArquivo,&#32;ios::in);
21 &#32;&#32;&#32;&#32;&#32;&#32;&#32;&#32;&#32;&#32;&#32;&#32;<emphasis role="keywordflow">if</emphasis>&#32;(!outFile.is_open())&#32;{
22 &#32;&#32;&#32;&#32;&#32;&#32;&#32;&#32;&#32;&#32;&#32;&#32;&#32;&#32;&#32;&#32;cout&#32;&lt;&lt;&#32;<emphasis role="stringliteral">&quot;Erro&#32;ao&#32;abrir&#32;o&#32;arquivo.&quot;</emphasis>&#32;&lt;&lt;&#32;endl;
23 &#32;&#32;&#32;&#32;&#32;&#32;&#32;&#32;&#32;&#32;&#32;&#32;&#32;&#32;&#32;&#32;<emphasis role="keywordflow">return</emphasis>&#32;<emphasis role="keyword">true</emphasis>;
24 &#32;&#32;&#32;&#32;&#32;&#32;&#32;&#32;&#32;&#32;&#32;&#32;}
25 
26 &#32;&#32;&#32;&#32;&#32;&#32;&#32;&#32;&#32;&#32;&#32;&#32;outFile.seekg(0,&#32;ios::end);
27 &#32;&#32;&#32;&#32;&#32;&#32;&#32;&#32;&#32;&#32;&#32;&#32;<emphasis role="keywordtype">bool</emphasis>&#32;vazio&#32;=&#32;(outFile.tellg()&#32;==&#32;0);
28 &#32;&#32;&#32;&#32;&#32;&#32;&#32;&#32;&#32;&#32;&#32;&#32;outFile.close();
29 &#32;&#32;&#32;&#32;&#32;&#32;&#32;&#32;&#32;&#32;&#32;&#32;<emphasis role="keywordflow">return</emphasis>&#32;vazio;
30 &#32;&#32;&#32;&#32;&#32;&#32;&#32;&#32;}
31 
32 &#32;&#32;&#32;&#32;&#32;&#32;&#32;&#32;<emphasis role="keywordtype">void</emphasis>&#32;setOrdem(<emphasis role="keywordtype">int</emphasis>&#32;val)&#32;{
33 &#32;&#32;&#32;&#32;&#32;&#32;&#32;&#32;&#32;&#32;&#32;&#32;this-&gt;ordem&#32;=&#32;val;
34 &#32;&#32;&#32;&#32;&#32;&#32;&#32;&#32;}
35 
36 &#32;&#32;&#32;&#32;&#32;&#32;&#32;&#32;<emphasis role="keywordtype">void</emphasis>&#32;setDirecionado(<emphasis role="keywordtype">bool</emphasis>&#32;val)&#32;{
37 &#32;&#32;&#32;&#32;&#32;&#32;&#32;&#32;&#32;&#32;&#32;&#32;this-&gt;direcionado&#32;=&#32;val;
38 &#32;&#32;&#32;&#32;&#32;&#32;&#32;&#32;}
39 
40 &#32;&#32;&#32;&#32;&#32;&#32;&#32;<emphasis role="keywordtype">void</emphasis>&#32;setVerticePonderado(<emphasis role="keywordtype">bool</emphasis>&#32;val)&#32;{
41 &#32;&#32;&#32;&#32;&#32;&#32;&#32;&#32;&#32;&#32;&#32;&#32;this-&gt;verticePeso&#32;=&#32;val;
42 &#32;&#32;&#32;&#32;&#32;&#32;&#32;&#32;}
43 
44 &#32;&#32;&#32;&#32;&#32;&#32;&#32;&#32;<emphasis role="keywordtype">void</emphasis>&#32;setArestaPonderada(<emphasis role="keywordtype">bool</emphasis>&#32;val)&#32;{
45 &#32;&#32;&#32;&#32;&#32;&#32;&#32;&#32;&#32;&#32;&#32;&#32;this-&gt;arestaPeso&#32;=&#32;val;
46 &#32;&#32;&#32;&#32;&#32;&#32;&#32;&#32;}
47 &#32;&#32;&#32;&#32;<emphasis role="keyword">public</emphasis>:&#32;&#32;&#32;&#32;
48 &#32;&#32;&#32;&#32;&#32;&#32;&#32;&#32;
49 &#32;&#32;&#32;&#32;&#32;&#32;&#32;&#32;<emphasis role="keyword">virtual</emphasis>&#32;<emphasis role="keywordtype">void</emphasis>&#32;insereVertice(<emphasis role="keywordtype">int</emphasis>&#32;val)&#32;=&#32;0;
50 &#32;&#32;&#32;&#32;&#32;&#32;&#32;&#32;<emphasis role="keyword">virtual</emphasis>&#32;<emphasis role="keywordtype">void</emphasis>&#32;insereAresta(<emphasis role="keywordtype">int</emphasis>&#32;origem,&#32;<emphasis role="keywordtype">int</emphasis>&#32;destino,&#32;<emphasis role="keywordtype">int</emphasis>&#32;val)&#32;=&#32;0;
51 &#32;&#32;&#32;&#32;&#32;&#32;&#32;&#32;<emphasis role="keyword">virtual</emphasis>&#32;<emphasis role="keywordtype">void</emphasis>&#32;removeAresta(<emphasis role="keywordtype">int</emphasis>&#32;i,&#32;<emphasis role="keywordtype">int</emphasis>&#32;j)&#32;=&#32;0;
52 &#32;&#32;&#32;&#32;&#32;&#32;&#32;&#32;
53 &#32;&#32;&#32;&#32;&#32;&#32;&#32;&#32;<emphasis role="keyword">virtual</emphasis>&#32;<emphasis role="keywordtype">int</emphasis>&#32;getNConexo()&#32;=&#32;0;
54 &#32;&#32;&#32;&#32;&#32;&#32;&#32;&#32;<emphasis role="keyword">virtual</emphasis>&#32;<emphasis role="keywordtype">int</emphasis>&#32;getGrau()&#32;=&#32;0;
55 &#32;&#32;&#32;&#32;&#32;&#32;&#32;&#32;
56 
57 &#32;&#32;&#32;&#32;&#32;&#32;&#32;&#32;<emphasis role="keyword">virtual</emphasis>&#32;<emphasis role="keywordtype">bool</emphasis>&#32;eh_bipartido()&#32;=&#32;0;
58 &#32;&#32;&#32;&#32;&#32;&#32;&#32;&#32;
59 &#32;&#32;&#32;&#32;&#32;&#32;&#32;&#32;<emphasis role="keyword">virtual</emphasis>&#32;<emphasis role="keywordtype">bool</emphasis>&#32;eh_completo()&#32;=&#32;0;
60 &#32;&#32;&#32;&#32;&#32;&#32;&#32;&#32;<emphasis role="keyword">virtual</emphasis>&#32;<emphasis role="keywordtype">bool</emphasis>&#32;eh_arvore()&#32;=&#32;0;
61 &#32;&#32;&#32;&#32;&#32;&#32;&#32;&#32;<emphasis role="keyword">virtual</emphasis>&#32;<emphasis role="keywordtype">bool</emphasis>&#32;possuiArticulacao()&#32;=&#32;0;
62 &#32;&#32;&#32;&#32;&#32;&#32;&#32;&#32;<emphasis role="keyword">virtual</emphasis>&#32;<emphasis role="keywordtype">bool</emphasis>&#32;possuiPonte()&#32;=&#32;0;
63 
64 
65 &#32;&#32;&#32;&#32;&#32;&#32;&#32;&#32;<emphasis role="keywordtype">bool</emphasis>&#32;eh_direcionado()&#32;{<emphasis role="keywordflow">return</emphasis>&#32;this-&gt;direcionado;};
66 &#32;&#32;&#32;&#32;&#32;&#32;&#32;&#32;<emphasis role="keywordtype">bool</emphasis>&#32;verticePonderado()&#32;{<emphasis role="keywordflow">return</emphasis>&#32;this-&gt;verticePeso;};
67 &#32;&#32;&#32;&#32;&#32;&#32;&#32;&#32;<emphasis role="keywordtype">bool</emphasis>&#32;arestaPonderada()&#32;{<emphasis role="keywordflow">return</emphasis>&#32;this-&gt;arestaPeso;};
68 &#32;&#32;&#32;&#32;&#32;&#32;&#32;&#32;<emphasis role="keywordtype">int</emphasis>&#32;getOrdem(){<emphasis role="keywordflow">return</emphasis>&#32;this-&gt;ordem;};
69 
70 &#32;&#32;&#32;&#32;&#32;&#32;&#32;&#32;<emphasis role="keywordtype">void</emphasis>&#32;criaCompleto(ofstream&amp;&#32;outFile,&#32;<emphasis role="keywordtype">int</emphasis>&#32;ordem,&#32;<emphasis role="keywordtype">bool</emphasis>&#32;arestaPonderada,&#32;<emphasis role="keywordtype">bool</emphasis>&#32;direcionado)&#32;{
71 &#32;&#32;&#32;&#32;
72 &#32;&#32;&#32;&#32;&#32;&#32;&#32;&#32;&#32;&#32;&#32;&#32;<emphasis role="keywordtype">int</emphasis>&#32;vet[ordem*(ordem-1)/2]&#32;=&#32;{0};
73 &#32;&#32;&#32;&#32;&#32;&#32;&#32;&#32;&#32;&#32;&#32;&#32;<emphasis role="keywordflow">if</emphasis>(!direcionado)
74 &#32;&#32;&#32;&#32;&#32;&#32;&#32;&#32;&#32;&#32;&#32;&#32;{
75 &#32;&#32;&#32;&#32;&#32;&#32;&#32;&#32;&#32;&#32;&#32;&#32;&#32;&#32;&#32;&#32;<emphasis role="keywordflow">for</emphasis>(<emphasis role="keywordtype">int</emphasis>&#32;i&#32;=&#32;0;&#32;i&lt;ordem*(ordem-1)/2;&#32;i+=1)
76 &#32;&#32;&#32;&#32;&#32;&#32;&#32;&#32;&#32;&#32;&#32;&#32;&#32;&#32;&#32;&#32;{
77 &#32;&#32;&#32;&#32;&#32;&#32;&#32;&#32;&#32;&#32;&#32;&#32;&#32;&#32;&#32;&#32;&#32;&#32;&#32;&#32;vet[i]&#32;=&#32;(rand()&#32;%&#32;100&#32;+&#32;1);
78 &#32;&#32;&#32;&#32;&#32;&#32;&#32;&#32;&#32;&#32;&#32;&#32;&#32;&#32;&#32;&#32;}
79 &#32;&#32;&#32;&#32;&#32;&#32;&#32;&#32;&#32;&#32;&#32;&#32;}
80 &#32;&#32;&#32;&#32;&#32;&#32;&#32;&#32;&#32;&#32;&#32;&#32;<emphasis role="keywordflow">for</emphasis>&#32;(<emphasis role="keywordtype">int</emphasis>&#32;i&#32;=&#32;0;&#32;i&#32;&lt;&#32;ordem;&#32;i+=1)&#32;{
81 &#32;&#32;&#32;&#32;&#32;&#32;&#32;&#32;&#32;&#32;&#32;&#32;&#32;&#32;&#32;&#32;<emphasis role="keywordflow">for</emphasis>&#32;(<emphasis role="keywordtype">int</emphasis>&#32;j&#32;=&#32;0;&#32;j&#32;&lt;&#32;ordem;&#32;j+=1)&#32;{
82 &#32;&#32;&#32;&#32;&#32;&#32;&#32;&#32;&#32;&#32;&#32;&#32;&#32;&#32;&#32;&#32;&#32;&#32;&#32;&#32;<emphasis role="keywordflow">if</emphasis>&#32;(i&#32;!=&#32;j)&#32;{
83 &#32;&#32;&#32;&#32;&#32;&#32;&#32;&#32;&#32;&#32;&#32;&#32;&#32;&#32;&#32;&#32;&#32;&#32;&#32;&#32;&#32;&#32;&#32;&#32;
84 &#32;&#32;&#32;&#32;&#32;&#32;&#32;&#32;&#32;&#32;&#32;&#32;&#32;&#32;&#32;&#32;&#32;&#32;&#32;&#32;&#32;&#32;&#32;&#32;outFile&#32;&lt;&lt;&#32;i+1&#32;&lt;&lt;&#32;<emphasis role="stringliteral">&quot;&#32;&quot;</emphasis>&#32;&lt;&lt;&#32;j+1&#32;&lt;&lt;&#32;<emphasis role="stringliteral">&quot;&#32;&quot;</emphasis>;
85 &#32;&#32;&#32;&#32;&#32;&#32;&#32;&#32;&#32;&#32;&#32;&#32;&#32;&#32;&#32;&#32;&#32;&#32;&#32;&#32;&#32;&#32;&#32;&#32;<emphasis role="keywordflow">if</emphasis>(arestaPonderada)
86 &#32;&#32;&#32;&#32;&#32;&#32;&#32;&#32;&#32;&#32;&#32;&#32;&#32;&#32;&#32;&#32;&#32;&#32;&#32;&#32;&#32;&#32;&#32;&#32;{
87 &#32;&#32;&#32;&#32;&#32;&#32;&#32;&#32;&#32;&#32;&#32;&#32;&#32;&#32;&#32;&#32;&#32;&#32;&#32;&#32;&#32;&#32;&#32;&#32;&#32;&#32;&#32;&#32;<emphasis role="keywordflow">if</emphasis>(direcionado)
88 &#32;&#32;&#32;&#32;&#32;&#32;&#32;&#32;&#32;&#32;&#32;&#32;&#32;&#32;&#32;&#32;&#32;&#32;&#32;&#32;&#32;&#32;&#32;&#32;&#32;&#32;&#32;&#32;{&#32;&#32;&#32;
89 &#32;&#32;&#32;&#32;&#32;&#32;&#32;&#32;&#32;&#32;&#32;&#32;&#32;&#32;&#32;&#32;&#32;&#32;&#32;&#32;&#32;&#32;&#32;&#32;&#32;&#32;&#32;&#32;&#32;&#32;&#32;&#32;outFile&lt;&lt;(rand()&#32;%&#32;100&#32;+&#32;1);
90 &#32;&#32;&#32;&#32;&#32;&#32;&#32;&#32;&#32;&#32;&#32;&#32;&#32;&#32;&#32;&#32;&#32;&#32;&#32;&#32;&#32;&#32;&#32;&#32;&#32;&#32;&#32;&#32;}
91 &#32;&#32;&#32;&#32;&#32;&#32;&#32;&#32;&#32;&#32;&#32;&#32;&#32;&#32;&#32;&#32;&#32;&#32;&#32;&#32;&#32;&#32;&#32;&#32;&#32;&#32;&#32;&#32;<emphasis role="keywordflow">else</emphasis>
92 &#32;&#32;&#32;&#32;&#32;&#32;&#32;&#32;&#32;&#32;&#32;&#32;&#32;&#32;&#32;&#32;&#32;&#32;&#32;&#32;&#32;&#32;&#32;&#32;&#32;&#32;&#32;&#32;{
93 &#32;&#32;&#32;&#32;&#32;&#32;&#32;&#32;&#32;&#32;&#32;&#32;&#32;&#32;&#32;&#32;&#32;&#32;&#32;&#32;&#32;&#32;&#32;&#32;&#32;&#32;&#32;&#32;&#32;&#32;&#32;&#32;<emphasis role="keywordflow">if</emphasis>(i&lt;j)
94 &#32;&#32;&#32;&#32;&#32;&#32;&#32;&#32;&#32;&#32;&#32;&#32;&#32;&#32;&#32;&#32;&#32;&#32;&#32;&#32;&#32;&#32;&#32;&#32;&#32;&#32;&#32;&#32;&#32;&#32;&#32;&#32;{
95 &#32;&#32;&#32;&#32;&#32;&#32;&#32;&#32;&#32;&#32;&#32;&#32;&#32;&#32;&#32;&#32;&#32;&#32;&#32;&#32;&#32;&#32;&#32;&#32;&#32;&#32;&#32;&#32;&#32;&#32;&#32;&#32;&#32;&#32;&#32;&#32;outFile&lt;&lt;vet[((j-1)*j)/2+i];
96 &#32;&#32;&#32;&#32;&#32;&#32;&#32;&#32;&#32;&#32;&#32;&#32;&#32;&#32;&#32;&#32;&#32;&#32;&#32;&#32;&#32;&#32;&#32;&#32;&#32;&#32;&#32;&#32;&#32;&#32;&#32;&#32;}
97 &#32;&#32;&#32;&#32;&#32;&#32;&#32;&#32;&#32;&#32;&#32;&#32;&#32;&#32;&#32;&#32;&#32;&#32;&#32;&#32;&#32;&#32;&#32;&#32;&#32;&#32;&#32;&#32;&#32;&#32;&#32;&#32;<emphasis role="keywordflow">else</emphasis>&#32;<emphasis role="keywordflow">if</emphasis>&#32;(i&gt;j)
98 &#32;&#32;&#32;&#32;&#32;&#32;&#32;&#32;&#32;&#32;&#32;&#32;&#32;&#32;&#32;&#32;&#32;&#32;&#32;&#32;&#32;&#32;&#32;&#32;&#32;&#32;&#32;&#32;&#32;&#32;&#32;&#32;{
99 &#32;&#32;&#32;&#32;&#32;&#32;&#32;&#32;&#32;&#32;&#32;&#32;&#32;&#32;&#32;&#32;&#32;&#32;&#32;&#32;&#32;&#32;&#32;&#32;&#32;&#32;&#32;&#32;&#32;&#32;&#32;&#32;&#32;&#32;&#32;&#32;outFile&lt;&lt;vet[((i-1)*i)/2+j];
100 &#32;&#32;&#32;&#32;&#32;&#32;&#32;&#32;&#32;&#32;&#32;&#32;&#32;&#32;&#32;&#32;&#32;&#32;&#32;&#32;&#32;&#32;&#32;&#32;&#32;&#32;&#32;&#32;&#32;&#32;&#32;&#32;}
101 &#32;&#32;&#32;&#32;&#32;&#32;&#32;&#32;&#32;&#32;&#32;&#32;&#32;&#32;&#32;&#32;&#32;&#32;&#32;&#32;&#32;&#32;&#32;&#32;&#32;&#32;&#32;&#32;}
102 &#32;&#32;&#32;&#32;&#32;&#32;&#32;&#32;&#32;&#32;&#32;&#32;&#32;&#32;&#32;&#32;&#32;&#32;&#32;&#32;&#32;&#32;&#32;&#32;}
103 &#32;&#32;&#32;&#32;&#32;&#32;&#32;&#32;&#32;&#32;&#32;&#32;&#32;&#32;&#32;&#32;&#32;&#32;&#32;&#32;&#32;&#32;&#32;&#32;outFile&#32;&lt;&lt;&#32;endl;
104 &#32;&#32;&#32;&#32;&#32;&#32;&#32;&#32;&#32;&#32;&#32;&#32;&#32;&#32;&#32;&#32;&#32;&#32;&#32;&#32;}
105 &#32;&#32;&#32;&#32;&#32;&#32;&#32;&#32;&#32;&#32;&#32;&#32;&#32;&#32;&#32;&#32;}
106 &#32;&#32;&#32;&#32;&#32;&#32;&#32;&#32;&#32;&#32;&#32;&#32;}
107 &#32;&#32;&#32;&#32;&#32;&#32;&#32;&#32;}
108 
109 &#32;&#32;&#32;&#32;&#32;&#32;&#32;&#32;<emphasis role="keywordtype">void</emphasis>&#32;criaArvore(ofstream&amp;&#32;outFile,&#32;<emphasis role="keywordtype">int</emphasis>&#32;ordem,&#32;<emphasis role="keywordtype">bool</emphasis>&#32;arestaPonderada,&#32;<emphasis role="keywordtype">bool</emphasis>&#32;direcionado,&#32;<emphasis role="keywordtype">int</emphasis>&#32;grau)&#32;{
110 &#32;&#32;&#32;&#32;&#32;&#32;&#32;&#32;&#32;&#32;&#32;&#32;<emphasis role="keywordtype">int</emphasis>&#32;vet[ordem-1]&#32;=&#32;{0};
111 &#32;&#32;&#32;&#32;&#32;&#32;&#32;&#32;&#32;&#32;&#32;&#32;<emphasis role="keywordflow">if</emphasis>&#32;(!direcionado)&#32;{
112 &#32;&#32;&#32;&#32;&#32;&#32;&#32;&#32;&#32;&#32;&#32;&#32;&#32;&#32;&#32;&#32;<emphasis role="keywordflow">for</emphasis>&#32;(<emphasis role="keywordtype">int</emphasis>&#32;i&#32;=&#32;0;&#32;i&#32;&lt;&#32;ordem-1;&#32;i+=1)&#32;{
113 &#32;&#32;&#32;&#32;&#32;&#32;&#32;&#32;&#32;&#32;&#32;&#32;&#32;&#32;&#32;&#32;&#32;&#32;&#32;&#32;vet[i]&#32;=&#32;rand()&#32;%&#32;100&#32;+&#32;1;
114 &#32;&#32;&#32;&#32;&#32;&#32;&#32;&#32;&#32;&#32;&#32;&#32;&#32;&#32;&#32;&#32;}
115 &#32;&#32;&#32;&#32;&#32;&#32;&#32;&#32;&#32;&#32;&#32;&#32;}
116 &#32;&#32;&#32;&#32;&#32;&#32;&#32;&#32;&#32;&#32;&#32;&#32;<emphasis role="keywordtype">int</emphasis>&#32;j;
117 &#32;&#32;&#32;&#32;&#32;&#32;&#32;&#32;&#32;&#32;&#32;&#32;<emphasis role="keywordtype">int</emphasis>&#32;contador&#32;=&#32;0;
118 &#32;&#32;&#32;&#32;&#32;&#32;&#32;&#32;&#32;&#32;&#32;&#32;<emphasis role="keywordflow">for</emphasis>&#32;(<emphasis role="keywordtype">int</emphasis>&#32;i&#32;=&#32;1;&#32;i&#32;&lt;&#32;ordem;i+=1)&#32;{;
119 &#32;&#32;&#32;&#32;&#32;&#32;&#32;&#32;&#32;&#32;&#32;&#32;&#32;&#32;&#32;&#32;<emphasis role="keywordflow">if</emphasis>&#32;(contador&#32;==&#32;0)&#32;{
120 &#32;&#32;&#32;&#32;&#32;&#32;&#32;&#32;&#32;&#32;&#32;&#32;&#32;&#32;&#32;&#32;&#32;&#32;&#32;&#32;<emphasis role="keywordflow">if</emphasis>(i&lt;=&#32;grau)
121 &#32;&#32;&#32;&#32;&#32;&#32;&#32;&#32;&#32;&#32;&#32;&#32;&#32;&#32;&#32;&#32;&#32;&#32;&#32;&#32;{
122 &#32;&#32;&#32;&#32;&#32;&#32;&#32;&#32;&#32;&#32;&#32;&#32;&#32;&#32;&#32;&#32;&#32;&#32;&#32;&#32;&#32;&#32;&#32;&#32;j&#32;=&#32;1;
123 &#32;&#32;&#32;&#32;&#32;&#32;&#32;&#32;&#32;&#32;&#32;&#32;&#32;&#32;&#32;&#32;&#32;&#32;&#32;&#32;&#32;&#32;&#32;&#32;contador&#32;=&#32;grau;
124 &#32;&#32;&#32;&#32;&#32;&#32;&#32;&#32;&#32;&#32;&#32;&#32;&#32;&#32;&#32;&#32;&#32;&#32;&#32;&#32;}
125 &#32;&#32;&#32;&#32;&#32;&#32;&#32;&#32;&#32;&#32;&#32;&#32;&#32;&#32;&#32;&#32;&#32;&#32;&#32;&#32;<emphasis role="keywordflow">else</emphasis>
126 &#32;&#32;&#32;&#32;&#32;&#32;&#32;&#32;&#32;&#32;&#32;&#32;&#32;&#32;&#32;&#32;&#32;&#32;&#32;&#32;{
127 &#32;&#32;&#32;&#32;&#32;&#32;&#32;&#32;&#32;&#32;&#32;&#32;&#32;&#32;&#32;&#32;&#32;&#32;&#32;&#32;&#32;&#32;&#32;&#32;j&#32;+=1;
128 &#32;&#32;&#32;&#32;&#32;&#32;&#32;&#32;&#32;&#32;&#32;&#32;&#32;&#32;&#32;&#32;&#32;&#32;&#32;&#32;&#32;&#32;&#32;&#32;contador&#32;=&#32;grau-1;
129 &#32;&#32;&#32;&#32;&#32;&#32;&#32;&#32;&#32;&#32;&#32;&#32;&#32;&#32;&#32;&#32;&#32;&#32;&#32;&#32;}
130 &#32;&#32;&#32;&#32;&#32;&#32;&#32;&#32;&#32;&#32;&#32;&#32;&#32;&#32;&#32;&#32;}
131 
132 &#32;&#32;&#32;&#32;&#32;&#32;&#32;&#32;&#32;&#32;&#32;&#32;&#32;&#32;&#32;&#32;contador-=1&#32;;
133 &#32;&#32;&#32;&#32;&#32;&#32;&#32;&#32;&#32;&#32;&#32;&#32;&#32;&#32;&#32;&#32;outFile&#32;&lt;&lt;&#32;&#32;j&#32;&lt;&lt;&#32;<emphasis role="stringliteral">&quot;&#32;&quot;</emphasis>&#32;&lt;&lt;&#32;i&#32;+&#32;1&lt;&lt;&#32;<emphasis role="stringliteral">&quot;&#32;&quot;</emphasis>;
134 &#32;&#32;&#32;&#32;&#32;&#32;&#32;&#32;&#32;&#32;&#32;&#32;&#32;&#32;&#32;&#32;<emphasis role="keywordflow">if</emphasis>&#32;(arestaPonderada)&#32;{
135 &#32;&#32;&#32;&#32;&#32;&#32;&#32;&#32;&#32;&#32;&#32;&#32;&#32;&#32;&#32;&#32;&#32;&#32;&#32;&#32;<emphasis role="keywordflow">if</emphasis>&#32;(direcionado)&#32;{
136 &#32;&#32;&#32;&#32;&#32;&#32;&#32;&#32;&#32;&#32;&#32;&#32;&#32;&#32;&#32;&#32;&#32;&#32;&#32;&#32;&#32;&#32;&#32;&#32;outFile&#32;&lt;&lt;(rand()&#32;%&#32;100&#32;+&#32;1);
137 &#32;&#32;&#32;&#32;&#32;&#32;&#32;&#32;&#32;&#32;&#32;&#32;&#32;&#32;&#32;&#32;&#32;&#32;&#32;&#32;}&#32;<emphasis role="keywordflow">else</emphasis>&#32;{
138 &#32;&#32;&#32;&#32;&#32;&#32;&#32;&#32;&#32;&#32;&#32;&#32;&#32;&#32;&#32;&#32;&#32;&#32;&#32;&#32;&#32;&#32;&#32;&#32;outFile&#32;&lt;&lt;&#32;vet[i-1];
139 &#32;&#32;&#32;&#32;&#32;&#32;&#32;&#32;&#32;&#32;&#32;&#32;&#32;&#32;&#32;&#32;&#32;&#32;&#32;&#32;&#32;&#32;&#32;&#32;outFile&#32;&lt;&lt;&#32;endl;
140 &#32;&#32;&#32;&#32;&#32;&#32;&#32;&#32;&#32;&#32;&#32;&#32;&#32;&#32;&#32;&#32;&#32;&#32;&#32;&#32;&#32;&#32;&#32;&#32;outFile&#32;&lt;&lt;&#32;i&#32;+&#32;1&#32;&lt;&lt;&#32;<emphasis role="stringliteral">&quot;&#32;&quot;</emphasis>&#32;&lt;&lt;&#32;&#32;j&lt;&lt;&#32;<emphasis role="stringliteral">&quot;&#32;&quot;</emphasis>&#32;&lt;&lt;&#32;vet[i-1];
141 &#32;&#32;&#32;&#32;&#32;&#32;&#32;&#32;&#32;&#32;&#32;&#32;&#32;&#32;&#32;&#32;&#32;&#32;&#32;&#32;}
142 &#32;&#32;&#32;&#32;&#32;&#32;&#32;&#32;&#32;&#32;&#32;&#32;&#32;&#32;&#32;&#32;}
143 &#32;&#32;&#32;&#32;&#32;&#32;&#32;&#32;&#32;&#32;&#32;&#32;&#32;&#32;&#32;&#32;<emphasis role="keywordflow">else</emphasis>
144 &#32;&#32;&#32;&#32;&#32;&#32;&#32;&#32;&#32;&#32;&#32;&#32;&#32;&#32;&#32;&#32;{
145 &#32;&#32;&#32;&#32;&#32;&#32;&#32;&#32;&#32;&#32;&#32;&#32;&#32;&#32;&#32;&#32;&#32;&#32;&#32;&#32;<emphasis role="keywordflow">if</emphasis>(!direcionado)
146 &#32;&#32;&#32;&#32;&#32;&#32;&#32;&#32;&#32;&#32;&#32;&#32;&#32;&#32;&#32;&#32;&#32;&#32;&#32;&#32;{
147 &#32;&#32;&#32;&#32;&#32;&#32;&#32;&#32;&#32;&#32;&#32;&#32;&#32;&#32;&#32;&#32;&#32;&#32;&#32;&#32;&#32;&#32;&#32;&#32;outFile&#32;&lt;&lt;&#32;endl;
148 &#32;&#32;&#32;&#32;&#32;&#32;&#32;&#32;&#32;&#32;&#32;&#32;&#32;&#32;&#32;&#32;&#32;&#32;&#32;&#32;&#32;&#32;&#32;&#32;outFile&#32;&lt;&lt;&#32;i&#32;+&#32;1&#32;&lt;&lt;&#32;<emphasis role="stringliteral">&quot;&#32;&quot;</emphasis>&#32;&lt;&lt;&#32;&#32;j;
149 &#32;&#32;&#32;&#32;&#32;&#32;&#32;&#32;&#32;&#32;&#32;&#32;&#32;&#32;&#32;&#32;&#32;&#32;&#32;&#32;}
150 &#32;&#32;&#32;&#32;&#32;&#32;&#32;&#32;&#32;&#32;&#32;&#32;&#32;&#32;&#32;&#32;}
151 &#32;&#32;&#32;&#32;&#32;&#32;&#32;&#32;&#32;&#32;&#32;&#32;&#32;&#32;&#32;&#32;outFile&#32;&lt;&lt;&#32;endl;&#32;
152 &#32;&#32;&#32;&#32;&#32;&#32;&#32;&#32;&#32;&#32;&#32;&#32;}
153 &#32;&#32;&#32;&#32;&#32;&#32;&#32;&#32;}
154 
155 &#32;&#32;&#32;&#32;&#32;&#32;&#32;&#32;<emphasis role="keywordtype">bool</emphasis>&#32;criaBipartido(ofstream&amp;&#32;outFile,&#32;<emphasis role="keywordtype">int</emphasis>&#32;ordem,&#32;<emphasis role="keywordtype">bool</emphasis>&#32;arestaPonderada,&#32;<emphasis role="keywordtype">bool</emphasis>&#32;direcionado,&#32;<emphasis role="keywordtype">int</emphasis>&#32;grau,&#32;<emphasis role="keywordtype">int</emphasis>&#32;componentesConexas,&#32;<emphasis role="keywordtype">int</emphasis>&#32;ponte,&#32;<emphasis role="keywordtype">int</emphasis>&#32;articulacao)&#32;{
156 &#32;&#32;&#32;&#32;&#32;&#32;&#32;&#32;&#32;&#32;&#32;&#32;<emphasis role="keywordtype">int</emphasis>&#32;tamanho[componentesConexas]&#32;=&#32;{0};
157 &#32;&#32;&#32;&#32;&#32;&#32;&#32;&#32;&#32;&#32;&#32;&#32;<emphasis role="keywordtype">int</emphasis>&#32;base&#32;=&#32;ordem&#32;/&#32;componentesConexas;
158 &#32;&#32;&#32;&#32;&#32;&#32;&#32;&#32;&#32;&#32;&#32;&#32;<emphasis role="keywordtype">int</emphasis>&#32;sobra&#32;=&#32;ordem&#32;%&#32;componentesConexas;
159 &#32;&#32;&#32;&#32;&#32;&#32;&#32;&#32;&#32;&#32;&#32;&#32;<emphasis role="keywordtype">int</emphasis>&#32;somaTamanhoComponentes&#32;=&#32;0;
160 
161 &#32;&#32;&#32;&#32;&#32;&#32;&#32;&#32;&#32;&#32;&#32;&#32;<emphasis role="keywordtype">int</emphasis>&#32;vet[ordem]&#32;=&#32;{0};
162 &#32;&#32;&#32;&#32;&#32;&#32;&#32;&#32;&#32;&#32;&#32;&#32;<emphasis role="keywordflow">if</emphasis>&#32;(!direcionado)
163 &#32;&#32;&#32;&#32;&#32;&#32;&#32;&#32;&#32;&#32;&#32;&#32;{
164 &#32;&#32;&#32;&#32;&#32;&#32;&#32;&#32;&#32;&#32;&#32;&#32;&#32;&#32;&#32;&#32;<emphasis role="keywordflow">for</emphasis>(<emphasis role="keywordtype">int</emphasis>&#32;i&#32;=&#32;0;&#32;i&#32;&lt;&#32;ordem;&#32;i+=1)
165 &#32;&#32;&#32;&#32;&#32;&#32;&#32;&#32;&#32;&#32;&#32;&#32;&#32;&#32;&#32;&#32;{
166 &#32;&#32;&#32;&#32;&#32;&#32;&#32;&#32;&#32;&#32;&#32;&#32;&#32;&#32;&#32;&#32;&#32;&#32;&#32;&#32;vet[i]&#32;=&#32;rand()&#32;%&#32;100&#32;+&#32;1;
167 &#32;&#32;&#32;&#32;&#32;&#32;&#32;&#32;&#32;&#32;&#32;&#32;&#32;&#32;&#32;&#32;}
168 &#32;&#32;&#32;&#32;&#32;&#32;&#32;&#32;&#32;&#32;&#32;&#32;}
169 
170 &#32;&#32;&#32;&#32;&#32;&#32;&#32;&#32;&#32;&#32;&#32;&#32;<emphasis role="keywordflow">for</emphasis>&#32;(<emphasis role="keywordtype">int</emphasis>&#32;i&#32;=&#32;0;&#32;i&#32;&lt;&#32;componentesConexas;&#32;i+=1)
171 &#32;&#32;&#32;&#32;&#32;&#32;&#32;&#32;&#32;&#32;&#32;&#32;{
172 &#32;&#32;&#32;&#32;&#32;&#32;&#32;&#32;&#32;&#32;&#32;&#32;&#32;&#32;&#32;&#32;tamanho[i]&#32;=&#32;base;
173 &#32;&#32;&#32;&#32;&#32;&#32;&#32;&#32;&#32;&#32;&#32;&#32;}
174 &#32;&#32;&#32;&#32;&#32;&#32;&#32;&#32;&#32;&#32;&#32;&#32;<emphasis role="keywordflow">for</emphasis>&#32;(<emphasis role="keywordtype">int</emphasis>&#32;i&#32;=&#32;0;&#32;i&#32;&lt;&#32;sobra;&#32;i+=1)
175 &#32;&#32;&#32;&#32;&#32;&#32;&#32;&#32;&#32;&#32;&#32;&#32;{
176 &#32;&#32;&#32;&#32;&#32;&#32;&#32;&#32;&#32;&#32;&#32;&#32;&#32;&#32;&#32;&#32;tamanho[i]+=1;
177 &#32;&#32;&#32;&#32;&#32;&#32;&#32;&#32;&#32;&#32;&#32;&#32;}
178 &#32;&#32;&#32;&#32;&#32;&#32;&#32;&#32;&#32;&#32;&#32;&#32;<emphasis role="keywordflow">for</emphasis>&#32;(<emphasis role="keywordtype">int</emphasis>&#32;i&#32;=&#32;0;&#32;i&#32;&lt;&#32;componentesConexas;&#32;i+=1)
179 &#32;&#32;&#32;&#32;&#32;&#32;&#32;&#32;&#32;&#32;&#32;&#32;{
180 &#32;&#32;&#32;&#32;&#32;&#32;&#32;&#32;&#32;&#32;&#32;&#32;&#32;&#32;&#32;&#32;<emphasis role="keywordflow">while</emphasis>&#32;(tamanho[i]&#32;&lt;&#32;grau&#32;+&#32;1&#32;&amp;&amp;&#32;tamanho[i]&#32;&gt;&#32;1)
181 &#32;&#32;&#32;&#32;&#32;&#32;&#32;&#32;&#32;&#32;&#32;&#32;&#32;&#32;&#32;&#32;{
182 &#32;&#32;&#32;&#32;&#32;&#32;&#32;&#32;&#32;&#32;&#32;&#32;&#32;&#32;&#32;&#32;&#32;&#32;&#32;&#32;<emphasis role="keywordtype">bool</emphasis>&#32;ajustado&#32;=&#32;<emphasis role="keyword">false</emphasis>;
183 &#32;&#32;&#32;&#32;&#32;&#32;&#32;&#32;&#32;&#32;&#32;&#32;&#32;&#32;&#32;&#32;&#32;&#32;&#32;&#32;<emphasis role="keywordflow">for</emphasis>&#32;(<emphasis role="keywordtype">int</emphasis>&#32;j&#32;=&#32;0;&#32;j&#32;&lt;&#32;componentesConexas;&#32;j+=1)
184 &#32;&#32;&#32;&#32;&#32;&#32;&#32;&#32;&#32;&#32;&#32;&#32;&#32;&#32;&#32;&#32;&#32;&#32;&#32;&#32;{
185 &#32;&#32;&#32;&#32;&#32;&#32;&#32;&#32;&#32;&#32;&#32;&#32;&#32;&#32;&#32;&#32;&#32;&#32;&#32;&#32;&#32;&#32;&#32;&#32;<emphasis role="keywordflow">if</emphasis>&#32;(i&#32;!=&#32;j&#32;&amp;&amp;&#32;tamanho[j]&#32;&gt;&#32;1)
186 &#32;&#32;&#32;&#32;&#32;&#32;&#32;&#32;&#32;&#32;&#32;&#32;&#32;&#32;&#32;&#32;&#32;&#32;&#32;&#32;&#32;&#32;&#32;&#32;{
187 &#32;&#32;&#32;&#32;&#32;&#32;&#32;&#32;&#32;&#32;&#32;&#32;&#32;&#32;&#32;&#32;&#32;&#32;&#32;&#32;&#32;&#32;&#32;&#32;&#32;&#32;&#32;&#32;tamanho[j]-=1;
188 &#32;&#32;&#32;&#32;&#32;&#32;&#32;&#32;&#32;&#32;&#32;&#32;&#32;&#32;&#32;&#32;&#32;&#32;&#32;&#32;&#32;&#32;&#32;&#32;&#32;&#32;&#32;&#32;tamanho[i]+=1;
189 &#32;&#32;&#32;&#32;&#32;&#32;&#32;&#32;&#32;&#32;&#32;&#32;&#32;&#32;&#32;&#32;&#32;&#32;&#32;&#32;&#32;&#32;&#32;&#32;&#32;&#32;&#32;&#32;ajustado&#32;=&#32;<emphasis role="keyword">true</emphasis>;
190 &#32;&#32;&#32;&#32;&#32;&#32;&#32;&#32;&#32;&#32;&#32;&#32;&#32;&#32;&#32;&#32;&#32;&#32;&#32;&#32;&#32;&#32;&#32;&#32;&#32;&#32;&#32;&#32;<emphasis role="keywordflow">break</emphasis>;
191 &#32;&#32;&#32;&#32;&#32;&#32;&#32;&#32;&#32;&#32;&#32;&#32;&#32;&#32;&#32;&#32;&#32;&#32;&#32;&#32;&#32;&#32;&#32;&#32;}
192 &#32;&#32;&#32;&#32;&#32;&#32;&#32;&#32;&#32;&#32;&#32;&#32;&#32;&#32;&#32;&#32;&#32;&#32;&#32;&#32;}
193 &#32;&#32;&#32;&#32;&#32;&#32;&#32;&#32;&#32;&#32;&#32;&#32;&#32;&#32;&#32;&#32;&#32;&#32;&#32;&#32;<emphasis role="keywordflow">if</emphasis>&#32;(!ajustado)
194 &#32;&#32;&#32;&#32;&#32;&#32;&#32;&#32;&#32;&#32;&#32;&#32;&#32;&#32;&#32;&#32;&#32;&#32;&#32;&#32;{
195 &#32;&#32;&#32;&#32;&#32;&#32;&#32;&#32;&#32;&#32;&#32;&#32;&#32;&#32;&#32;&#32;&#32;&#32;&#32;&#32;&#32;&#32;&#32;&#32;<emphasis role="keywordflow">break</emphasis>;
196 &#32;&#32;&#32;&#32;&#32;&#32;&#32;&#32;&#32;&#32;&#32;&#32;&#32;&#32;&#32;&#32;&#32;&#32;&#32;&#32;}
197 &#32;&#32;&#32;&#32;&#32;&#32;&#32;&#32;&#32;&#32;&#32;&#32;&#32;&#32;&#32;&#32;}
198 &#32;&#32;&#32;&#32;&#32;&#32;&#32;&#32;&#32;&#32;&#32;&#32;}
199 &#32;&#32;&#32;&#32;&#32;&#32;&#32;&#32;&#32;&#32;&#32;&#32;<emphasis role="keywordtype">int</emphasis>&#32;contador=0;
200 &#32;&#32;&#32;&#32;&#32;&#32;&#32;&#32;&#32;&#32;&#32;&#32;<emphasis role="keywordflow">for</emphasis>(<emphasis role="keywordtype">int</emphasis>&#32;i&#32;=&#32;0;&#32;i&lt;componentesConexas;&#32;i+=1)
201 &#32;&#32;&#32;&#32;&#32;&#32;&#32;&#32;&#32;&#32;&#32;&#32;{
202 &#32;&#32;&#32;&#32;&#32;&#32;&#32;&#32;&#32;&#32;&#32;&#32;&#32;&#32;&#32;&#32;<emphasis role="keywordflow">if</emphasis>(tamanho[i]&gt;0)
203 &#32;&#32;&#32;&#32;&#32;&#32;&#32;&#32;&#32;&#32;&#32;&#32;&#32;&#32;&#32;&#32;{
204 &#32;&#32;&#32;&#32;&#32;&#32;&#32;&#32;&#32;&#32;&#32;&#32;&#32;&#32;&#32;&#32;&#32;&#32;&#32;&#32;contador+=1;
205 &#32;&#32;&#32;&#32;&#32;&#32;&#32;&#32;&#32;&#32;&#32;&#32;&#32;&#32;&#32;&#32;}
206 &#32;&#32;&#32;&#32;&#32;&#32;&#32;&#32;&#32;&#32;&#32;&#32;}
207 &#32;&#32;&#32;&#32;&#32;&#32;&#32;&#32;&#32;&#32;&#32;&#32;
208 &#32;&#32;&#32;&#32;&#32;&#32;&#32;&#32;&#32;&#32;&#32;&#32;<emphasis role="keywordflow">if</emphasis>(contador&#32;!=&#32;componentesConexas)
209 &#32;&#32;&#32;&#32;&#32;&#32;&#32;&#32;&#32;&#32;&#32;&#32;{
210 &#32;&#32;&#32;&#32;&#32;&#32;&#32;&#32;&#32;&#32;&#32;&#32;&#32;&#32;&#32;&#32;<emphasis role="keywordflow">return</emphasis>&#32;<emphasis role="keyword">false</emphasis>;
211 &#32;&#32;&#32;&#32;&#32;&#32;&#32;&#32;&#32;&#32;&#32;&#32;}
212 
213 &#32;&#32;&#32;&#32;&#32;&#32;&#32;&#32;&#32;&#32;&#32;&#32;<emphasis role="keywordtype">bool</emphasis>&#32;temPonte=&#32;<emphasis role="keyword">false</emphasis>;
214 &#32;&#32;&#32;&#32;&#32;&#32;&#32;&#32;&#32;&#32;&#32;&#32;<emphasis role="keywordtype">bool</emphasis>&#32;temArticulacao&#32;=&#32;<emphasis role="keyword">false</emphasis>;
215 &#32;&#32;&#32;&#32;&#32;&#32;&#32;&#32;&#32;&#32;&#32;&#32;<emphasis role="keywordtype">bool</emphasis>&#32;componenteSatisfazGrau&#32;=&#32;<emphasis role="keyword">false</emphasis>;
216 &#32;&#32;&#32;&#32;&#32;&#32;&#32;&#32;&#32;&#32;&#32;&#32;<emphasis role="keywordflow">for</emphasis>(<emphasis role="keywordtype">int</emphasis>&#32;i&#32;=&#32;0;&#32;i&lt;componentesConexas;&#32;i+=1)
217 &#32;&#32;&#32;&#32;&#32;&#32;&#32;&#32;&#32;&#32;&#32;&#32;{
218 &#32;&#32;&#32;&#32;&#32;&#32;&#32;&#32;&#32;&#32;&#32;&#32;&#32;&#32;&#32;&#32;<emphasis role="keywordtype">int</emphasis>&#32;ladoMaior&#32;=&#32;(tamanho[i]+1)/2;
219 &#32;&#32;&#32;&#32;&#32;&#32;&#32;&#32;&#32;&#32;&#32;&#32;&#32;&#32;&#32;&#32;<emphasis role="keywordtype">int</emphasis>&#32;ladoMenor&#32;=&#32;tamanho[i]-ladoMaior;
220 &#32;&#32;&#32;&#32;&#32;&#32;&#32;&#32;&#32;&#32;&#32;&#32;&#32;&#32;&#32;&#32;<emphasis role="keywordtype">int</emphasis>&#32;calculoGrauUm&#32;=&#32;((ladoMenor*grau)-ladoMaior*2);
221 &#32;&#32;&#32;&#32;&#32;&#32;&#32;&#32;&#32;&#32;&#32;&#32;&#32;&#32;&#32;&#32;
222 &#32;&#32;&#32;&#32;&#32;&#32;&#32;&#32;&#32;&#32;&#32;&#32;&#32;&#32;&#32;&#32;<emphasis role="keywordflow">while</emphasis>(ladoMaior&#32;&lt;&#32;grau)
223 &#32;&#32;&#32;&#32;&#32;&#32;&#32;&#32;&#32;&#32;&#32;&#32;&#32;&#32;&#32;&#32;{
224 &#32;&#32;&#32;&#32;&#32;&#32;&#32;&#32;&#32;&#32;&#32;&#32;&#32;&#32;&#32;&#32;&#32;&#32;&#32;&#32;<emphasis role="keywordflow">if</emphasis>(ladoMenor&#32;&gt;&#32;1)
225 &#32;&#32;&#32;&#32;&#32;&#32;&#32;&#32;&#32;&#32;&#32;&#32;&#32;&#32;&#32;&#32;&#32;&#32;&#32;&#32;{
226 &#32;&#32;&#32;&#32;&#32;&#32;&#32;&#32;&#32;&#32;&#32;&#32;&#32;&#32;&#32;&#32;&#32;&#32;&#32;&#32;&#32;&#32;&#32;&#32;ladoMaior&#32;+=&#32;1;
227 &#32;&#32;&#32;&#32;&#32;&#32;&#32;&#32;&#32;&#32;&#32;&#32;&#32;&#32;&#32;&#32;&#32;&#32;&#32;&#32;&#32;&#32;&#32;&#32;ladoMenor&#32;-=&#32;1;
228 &#32;&#32;&#32;&#32;&#32;&#32;&#32;&#32;&#32;&#32;&#32;&#32;&#32;&#32;&#32;&#32;&#32;&#32;&#32;&#32;}
229 &#32;&#32;&#32;&#32;&#32;&#32;&#32;&#32;&#32;&#32;&#32;&#32;&#32;&#32;&#32;&#32;&#32;&#32;&#32;&#32;<emphasis role="keywordflow">else</emphasis>
230 &#32;&#32;&#32;&#32;&#32;&#32;&#32;&#32;&#32;&#32;&#32;&#32;&#32;&#32;&#32;&#32;&#32;&#32;&#32;&#32;{
231 &#32;&#32;&#32;&#32;&#32;&#32;&#32;&#32;&#32;&#32;&#32;&#32;&#32;&#32;&#32;&#32;&#32;&#32;&#32;&#32;&#32;&#32;&#32;&#32;<emphasis role="keywordflow">break</emphasis>;
232 &#32;&#32;&#32;&#32;&#32;&#32;&#32;&#32;&#32;&#32;&#32;&#32;&#32;&#32;&#32;&#32;&#32;&#32;&#32;&#32;}
233 &#32;&#32;&#32;&#32;&#32;&#32;&#32;&#32;&#32;&#32;&#32;&#32;&#32;&#32;&#32;&#32;}
234 &#32;&#32;&#32;&#32;&#32;&#32;&#32;&#32;&#32;&#32;&#32;&#32;&#32;&#32;&#32;&#32;<emphasis role="keywordflow">if</emphasis>(ladoMenor&gt;1&#32;&amp;&amp;&#32;grau&#32;&lt;=&#32;1)
235 &#32;&#32;&#32;&#32;&#32;&#32;&#32;&#32;&#32;&#32;&#32;&#32;&#32;&#32;&#32;&#32;{
236 &#32;&#32;&#32;&#32;&#32;&#32;&#32;&#32;&#32;&#32;&#32;&#32;&#32;&#32;&#32;&#32;&#32;&#32;&#32;&#32;<emphasis role="keywordflow">return</emphasis>&#32;<emphasis role="keyword">false</emphasis>;
237 &#32;&#32;&#32;&#32;&#32;&#32;&#32;&#32;&#32;&#32;&#32;&#32;&#32;&#32;&#32;&#32;}
238 &#32;&#32;&#32;&#32;&#32;&#32;&#32;&#32;&#32;&#32;&#32;&#32;&#32;&#32;&#32;&#32;<emphasis role="keywordflow">if</emphasis>(ladoMenor&#32;&gt;=&#32;1)
239 &#32;&#32;&#32;&#32;&#32;&#32;&#32;&#32;&#32;&#32;&#32;&#32;&#32;&#32;&#32;&#32;{
240 &#32;&#32;&#32;&#32;&#32;&#32;&#32;&#32;&#32;&#32;&#32;&#32;&#32;&#32;&#32;&#32;&#32;&#32;&#32;&#32;
241 &#32;&#32;&#32;&#32;&#32;&#32;&#32;&#32;&#32;&#32;&#32;&#32;&#32;&#32;&#32;&#32;&#32;&#32;&#32;&#32;<emphasis role="keywordflow">if</emphasis>(ladoMenor&#32;==&#32;1&#32;&amp;&amp;&#32;ladoMaior&#32;==&#32;1)
242 &#32;&#32;&#32;&#32;&#32;&#32;&#32;&#32;&#32;&#32;&#32;&#32;&#32;&#32;&#32;&#32;&#32;&#32;&#32;&#32;{
243 &#32;&#32;&#32;&#32;&#32;&#32;&#32;&#32;&#32;&#32;&#32;&#32;&#32;&#32;&#32;&#32;&#32;&#32;&#32;&#32;&#32;&#32;&#32;&#32;
244 &#32;&#32;&#32;&#32;&#32;&#32;&#32;&#32;&#32;&#32;&#32;&#32;&#32;&#32;&#32;&#32;&#32;&#32;&#32;&#32;&#32;&#32;&#32;&#32;temPonte&#32;=&#32;<emphasis role="keyword">true</emphasis>;
245 &#32;&#32;&#32;&#32;&#32;&#32;&#32;&#32;&#32;&#32;&#32;&#32;&#32;&#32;&#32;&#32;&#32;&#32;&#32;&#32;&#32;&#32;&#32;&#32;<emphasis role="keywordflow">if</emphasis>(grau&#32;==&#32;1)
246 &#32;&#32;&#32;&#32;&#32;&#32;&#32;&#32;&#32;&#32;&#32;&#32;&#32;&#32;&#32;&#32;&#32;&#32;&#32;&#32;&#32;&#32;&#32;&#32;{
247 &#32;&#32;&#32;&#32;&#32;&#32;&#32;&#32;&#32;&#32;&#32;&#32;&#32;&#32;&#32;&#32;&#32;&#32;&#32;&#32;&#32;&#32;&#32;&#32;&#32;&#32;&#32;&#32;componenteSatisfazGrau&#32;=&#32;<emphasis role="keyword">true</emphasis>;
248 &#32;&#32;&#32;&#32;&#32;&#32;&#32;&#32;&#32;&#32;&#32;&#32;&#32;&#32;&#32;&#32;&#32;&#32;&#32;&#32;&#32;&#32;&#32;&#32;}
249 &#32;&#32;&#32;&#32;&#32;&#32;&#32;&#32;&#32;&#32;&#32;&#32;&#32;&#32;&#32;&#32;&#32;&#32;&#32;&#32;&#32;&#32;&#32;&#32;<emphasis role="keywordflow">else</emphasis>
250 &#32;&#32;&#32;&#32;&#32;&#32;&#32;&#32;&#32;&#32;&#32;&#32;&#32;&#32;&#32;&#32;&#32;&#32;&#32;&#32;&#32;&#32;&#32;&#32;{
251 &#32;&#32;&#32;&#32;&#32;&#32;&#32;&#32;&#32;&#32;&#32;&#32;&#32;&#32;&#32;&#32;&#32;&#32;&#32;&#32;&#32;&#32;&#32;&#32;&#32;&#32;&#32;&#32;componenteSatisfazGrau&#32;=&#32;<emphasis role="keyword">false</emphasis>;
252 &#32;&#32;&#32;&#32;&#32;&#32;&#32;&#32;&#32;&#32;&#32;&#32;&#32;&#32;&#32;&#32;&#32;&#32;&#32;&#32;&#32;&#32;&#32;&#32;}
253 &#32;&#32;&#32;&#32;&#32;&#32;&#32;&#32;&#32;&#32;&#32;&#32;&#32;&#32;&#32;&#32;&#32;&#32;&#32;&#32;}
254 &#32;&#32;&#32;&#32;&#32;&#32;&#32;&#32;&#32;&#32;&#32;&#32;&#32;&#32;&#32;&#32;&#32;&#32;&#32;&#32;<emphasis role="keywordflow">else</emphasis>&#32;<emphasis role="keywordflow">if</emphasis>(ladoMenor&#32;==&#32;1&#32;&amp;&amp;&#32;ladoMaior&#32;&gt;&#32;1)
255 &#32;&#32;&#32;&#32;&#32;&#32;&#32;&#32;&#32;&#32;&#32;&#32;&#32;&#32;&#32;&#32;&#32;&#32;&#32;&#32;{
256 &#32;&#32;&#32;&#32;&#32;&#32;&#32;&#32;&#32;&#32;&#32;&#32;&#32;&#32;&#32;&#32;&#32;&#32;&#32;&#32;&#32;&#32;&#32;&#32;
257 &#32;&#32;&#32;&#32;&#32;&#32;&#32;&#32;&#32;&#32;&#32;&#32;&#32;&#32;&#32;&#32;&#32;&#32;&#32;&#32;&#32;&#32;&#32;&#32;temPonte&#32;=&#32;<emphasis role="keyword">true</emphasis>;
258 &#32;&#32;&#32;&#32;&#32;&#32;&#32;&#32;&#32;&#32;&#32;&#32;&#32;&#32;&#32;&#32;&#32;&#32;&#32;&#32;&#32;&#32;&#32;&#32;temArticulacao&#32;=&#32;<emphasis role="keyword">true</emphasis>;
259 &#32;&#32;&#32;&#32;&#32;&#32;&#32;&#32;&#32;&#32;&#32;&#32;&#32;&#32;&#32;&#32;&#32;&#32;&#32;&#32;&#32;&#32;&#32;&#32;<emphasis role="keywordflow">if</emphasis>(grau&lt;=ladoMaior)
260 &#32;&#32;&#32;&#32;&#32;&#32;&#32;&#32;&#32;&#32;&#32;&#32;&#32;&#32;&#32;&#32;&#32;&#32;&#32;&#32;&#32;&#32;&#32;&#32;{
261 &#32;&#32;&#32;&#32;&#32;&#32;&#32;&#32;&#32;&#32;&#32;&#32;&#32;&#32;&#32;&#32;&#32;&#32;&#32;&#32;&#32;&#32;&#32;&#32;&#32;&#32;&#32;&#32;componenteSatisfazGrau&#32;=&#32;<emphasis role="keyword">true</emphasis>;
262 &#32;&#32;&#32;&#32;&#32;&#32;&#32;&#32;&#32;&#32;&#32;&#32;&#32;&#32;&#32;&#32;&#32;&#32;&#32;&#32;&#32;&#32;&#32;&#32;}
263 &#32;&#32;&#32;&#32;&#32;&#32;&#32;&#32;&#32;&#32;&#32;&#32;&#32;&#32;&#32;&#32;&#32;&#32;&#32;&#32;&#32;&#32;&#32;&#32;<emphasis role="keywordflow">break</emphasis>;
264 &#32;&#32;&#32;&#32;&#32;&#32;&#32;&#32;&#32;&#32;&#32;&#32;&#32;&#32;&#32;&#32;&#32;&#32;&#32;&#32;}
265 &#32;&#32;&#32;&#32;&#32;&#32;&#32;&#32;&#32;&#32;&#32;&#32;&#32;&#32;&#32;&#32;&#32;&#32;&#32;&#32;<emphasis role="keywordflow">else</emphasis>&#32;<emphasis role="keywordflow">if</emphasis>(calculoGrauUm&#32;&lt;&#32;0)
266 &#32;&#32;&#32;&#32;&#32;&#32;&#32;&#32;&#32;&#32;&#32;&#32;&#32;&#32;&#32;&#32;&#32;&#32;&#32;&#32;{
267 &#32;&#32;&#32;&#32;&#32;&#32;&#32;&#32;&#32;&#32;&#32;&#32;&#32;&#32;&#32;&#32;&#32;&#32;&#32;&#32;&#32;&#32;&#32;&#32;componenteSatisfazGrau&#32;=&#32;<emphasis role="keyword">true</emphasis>;
268 &#32;&#32;&#32;&#32;&#32;&#32;&#32;&#32;&#32;&#32;&#32;&#32;&#32;&#32;&#32;&#32;&#32;&#32;&#32;&#32;&#32;&#32;&#32;&#32;temPonte&#32;=&#32;<emphasis role="keyword">true</emphasis>;
269 &#32;&#32;&#32;&#32;&#32;&#32;&#32;&#32;&#32;&#32;&#32;&#32;&#32;&#32;&#32;&#32;&#32;&#32;&#32;&#32;&#32;&#32;&#32;&#32;temArticulacao&#32;=&#32;<emphasis role="keyword">true</emphasis>;
270 &#32;&#32;&#32;&#32;&#32;&#32;&#32;&#32;&#32;&#32;&#32;&#32;&#32;&#32;&#32;&#32;&#32;&#32;&#32;&#32;&#32;&#32;&#32;&#32;<emphasis role="keywordflow">break</emphasis>;
271 &#32;&#32;&#32;&#32;&#32;&#32;&#32;&#32;&#32;&#32;&#32;&#32;&#32;&#32;&#32;&#32;&#32;&#32;&#32;&#32;}
272 &#32;&#32;&#32;&#32;&#32;&#32;&#32;&#32;&#32;&#32;&#32;&#32;&#32;&#32;&#32;&#32;&#32;&#32;&#32;&#32;<emphasis role="keywordflow">else</emphasis>&#32;<emphasis role="keywordflow">if</emphasis>(calculoGrauUm&#32;&gt;=&#32;0)
273 &#32;&#32;&#32;&#32;&#32;&#32;&#32;&#32;&#32;&#32;&#32;&#32;&#32;&#32;&#32;&#32;&#32;&#32;&#32;&#32;{
274 &#32;&#32;&#32;&#32;&#32;&#32;&#32;&#32;&#32;&#32;&#32;&#32;&#32;&#32;&#32;&#32;&#32;&#32;&#32;&#32;&#32;&#32;&#32;&#32;componenteSatisfazGrau&#32;=&#32;<emphasis role="keyword">true</emphasis>;
275 &#32;&#32;&#32;&#32;&#32;&#32;&#32;&#32;&#32;&#32;&#32;&#32;&#32;&#32;&#32;&#32;&#32;&#32;&#32;&#32;&#32;&#32;&#32;&#32;temPonte&#32;=&#32;<emphasis role="keyword">false</emphasis>;
276 &#32;&#32;&#32;&#32;&#32;&#32;&#32;&#32;&#32;&#32;&#32;&#32;&#32;&#32;&#32;&#32;&#32;&#32;&#32;&#32;&#32;&#32;&#32;&#32;temArticulacao&#32;=&#32;<emphasis role="keyword">false</emphasis>;
277 &#32;&#32;&#32;&#32;&#32;&#32;&#32;&#32;&#32;&#32;&#32;&#32;&#32;&#32;&#32;&#32;&#32;&#32;&#32;&#32;}
278 &#32;&#32;&#32;&#32;&#32;&#32;&#32;&#32;&#32;&#32;&#32;&#32;&#32;&#32;&#32;&#32;}
279 &#32;&#32;&#32;&#32;&#32;&#32;&#32;&#32;&#32;&#32;&#32;&#32;}
280 &#32;&#32;&#32;&#32;&#32;&#32;&#32;&#32;&#32;&#32;&#32;&#32;<emphasis role="keywordflow">if</emphasis>(temArticulacao&#32;!=&#32;articulacao&#32;||&#32;temPonte&#32;!=&#32;ponte&#32;||&#32;grau&#32;&gt;&#32;ordem&#32;||!componenteSatisfazGrau)
281 &#32;&#32;&#32;&#32;&#32;&#32;&#32;&#32;&#32;&#32;&#32;&#32;{
282 &#32;&#32;&#32;&#32;&#32;&#32;&#32;&#32;&#32;&#32;&#32;&#32;&#32;&#32;&#32;&#32;<emphasis role="keywordflow">return</emphasis>&#32;<emphasis role="keyword">false</emphasis>;
283 &#32;&#32;&#32;&#32;&#32;&#32;&#32;&#32;&#32;&#32;&#32;&#32;}
284 &#32;&#32;&#32;&#32;&#32;&#32;&#32;&#32;&#32;&#32;&#32;&#32;
285 &#32;&#32;&#32;&#32;&#32;&#32;&#32;&#32;&#32;&#32;&#32;&#32;<emphasis role="keywordflow">for</emphasis>(<emphasis role="keywordtype">int</emphasis>&#32;i&#32;=&#32;0;&#32;i&lt;componentesConexas;&#32;i+=1)
286 &#32;&#32;&#32;&#32;&#32;&#32;&#32;&#32;&#32;&#32;&#32;&#32;{
287 &#32;&#32;&#32;&#32;&#32;&#32;&#32;&#32;&#32;&#32;&#32;&#32;&#32;&#32;&#32;&#32;<emphasis role="keywordtype">int</emphasis>&#32;ladoMaior&#32;=&#32;(tamanho[i]+1)/2;
288 &#32;&#32;&#32;&#32;&#32;&#32;&#32;&#32;&#32;&#32;&#32;&#32;&#32;&#32;&#32;&#32;<emphasis role="keywordtype">int</emphasis>&#32;ladoMenor&#32;=&#32;tamanho[i]-ladoMaior;
289 &#32;&#32;&#32;&#32;&#32;&#32;&#32;&#32;&#32;&#32;&#32;&#32;&#32;&#32;&#32;&#32;<emphasis role="keywordflow">while</emphasis>(ladoMaior&#32;&lt;&#32;grau)
290 &#32;&#32;&#32;&#32;&#32;&#32;&#32;&#32;&#32;&#32;&#32;&#32;&#32;&#32;&#32;&#32;{
291 &#32;&#32;&#32;&#32;&#32;&#32;&#32;&#32;&#32;&#32;&#32;&#32;&#32;&#32;&#32;&#32;&#32;&#32;&#32;&#32;<emphasis role="keywordflow">if</emphasis>(ladoMenor&#32;&gt;&#32;1)
292 &#32;&#32;&#32;&#32;&#32;&#32;&#32;&#32;&#32;&#32;&#32;&#32;&#32;&#32;&#32;&#32;&#32;&#32;&#32;&#32;{
293 &#32;&#32;&#32;&#32;&#32;&#32;&#32;&#32;&#32;&#32;&#32;&#32;&#32;&#32;&#32;&#32;&#32;&#32;&#32;&#32;&#32;&#32;&#32;&#32;ladoMaior&#32;+=&#32;1;
294 &#32;&#32;&#32;&#32;&#32;&#32;&#32;&#32;&#32;&#32;&#32;&#32;&#32;&#32;&#32;&#32;&#32;&#32;&#32;&#32;&#32;&#32;&#32;&#32;ladoMenor&#32;-=&#32;1;
295 &#32;&#32;&#32;&#32;&#32;&#32;&#32;&#32;&#32;&#32;&#32;&#32;&#32;&#32;&#32;&#32;&#32;&#32;&#32;&#32;}
296 &#32;&#32;&#32;&#32;&#32;&#32;&#32;&#32;&#32;&#32;&#32;&#32;&#32;&#32;&#32;&#32;&#32;&#32;&#32;&#32;<emphasis role="keywordflow">else</emphasis>
297 &#32;&#32;&#32;&#32;&#32;&#32;&#32;&#32;&#32;&#32;&#32;&#32;&#32;&#32;&#32;&#32;&#32;&#32;&#32;&#32;{
298 &#32;&#32;&#32;&#32;&#32;&#32;&#32;&#32;&#32;&#32;&#32;&#32;&#32;&#32;&#32;&#32;&#32;&#32;&#32;&#32;&#32;&#32;&#32;&#32;<emphasis role="keywordflow">break</emphasis>;
299 &#32;&#32;&#32;&#32;&#32;&#32;&#32;&#32;&#32;&#32;&#32;&#32;&#32;&#32;&#32;&#32;&#32;&#32;&#32;&#32;}
300 &#32;&#32;&#32;&#32;&#32;&#32;&#32;&#32;&#32;&#32;&#32;&#32;&#32;&#32;&#32;&#32;}
301 &#32;&#32;&#32;&#32;&#32;&#32;&#32;&#32;&#32;&#32;&#32;&#32;&#32;&#32;&#32;&#32;
302 &#32;&#32;&#32;&#32;&#32;&#32;&#32;&#32;&#32;&#32;&#32;&#32;&#32;&#32;&#32;&#32;
303 &#32;&#32;&#32;&#32;&#32;&#32;&#32;&#32;&#32;&#32;&#32;&#32;&#32;&#32;&#32;&#32;<emphasis role="keywordtype">int</emphasis>&#32;grauComponente;
304 &#32;&#32;&#32;&#32;&#32;&#32;&#32;&#32;&#32;&#32;&#32;&#32;&#32;&#32;&#32;&#32;<emphasis role="keywordflow">if</emphasis>(grau&#32;&gt;ladoMaior)
305 &#32;&#32;&#32;&#32;&#32;&#32;&#32;&#32;&#32;&#32;&#32;&#32;&#32;&#32;&#32;&#32;{
306 &#32;&#32;&#32;&#32;&#32;&#32;&#32;&#32;&#32;&#32;&#32;&#32;&#32;&#32;&#32;&#32;&#32;&#32;&#32;&#32;grauComponente&#32;=&#32;ladoMaior;
307 &#32;&#32;&#32;&#32;&#32;&#32;&#32;&#32;&#32;&#32;&#32;&#32;&#32;&#32;&#32;&#32;}
308 &#32;&#32;&#32;&#32;&#32;&#32;&#32;&#32;&#32;&#32;&#32;&#32;&#32;&#32;&#32;&#32;<emphasis role="keywordflow">else</emphasis>
309 &#32;&#32;&#32;&#32;&#32;&#32;&#32;&#32;&#32;&#32;&#32;&#32;&#32;&#32;&#32;&#32;{
310 &#32;&#32;&#32;&#32;&#32;&#32;&#32;&#32;&#32;&#32;&#32;&#32;&#32;&#32;&#32;&#32;&#32;&#32;&#32;&#32;grauComponente&#32;=&#32;grau;
311 &#32;&#32;&#32;&#32;&#32;&#32;&#32;&#32;&#32;&#32;&#32;&#32;&#32;&#32;&#32;&#32;}
312 &#32;&#32;&#32;&#32;&#32;&#32;&#32;&#32;&#32;&#32;&#32;&#32;&#32;&#32;&#32;&#32;
313 &#32;&#32;&#32;&#32;&#32;&#32;&#32;&#32;&#32;&#32;&#32;&#32;&#32;&#32;&#32;&#32;<emphasis role="keywordtype">int</emphasis>&#32;contador&#32;=&#32;0;
314 &#32;&#32;&#32;&#32;&#32;&#32;&#32;&#32;&#32;&#32;&#32;&#32;&#32;&#32;&#32;&#32;
315 &#32;&#32;&#32;&#32;&#32;&#32;&#32;&#32;&#32;&#32;&#32;&#32;&#32;&#32;&#32;&#32;<emphasis role="keywordflow">if</emphasis>(i&gt;0)
316 &#32;&#32;&#32;&#32;&#32;&#32;&#32;&#32;&#32;&#32;&#32;&#32;&#32;&#32;&#32;&#32;{
317 &#32;&#32;&#32;&#32;&#32;&#32;&#32;&#32;&#32;&#32;&#32;&#32;&#32;&#32;&#32;&#32;&#32;&#32;&#32;&#32;somaTamanhoComponentes&#32;+=&#32;tamanho[i-1];
318 &#32;&#32;&#32;&#32;&#32;&#32;&#32;&#32;&#32;&#32;&#32;&#32;&#32;&#32;&#32;&#32;}
319 &#32;&#32;&#32;&#32;&#32;&#32;&#32;&#32;&#32;&#32;&#32;&#32;&#32;&#32;&#32;&#32;
320 &#32;&#32;&#32;&#32;&#32;&#32;&#32;&#32;&#32;&#32;&#32;&#32;&#32;&#32;&#32;&#32;<emphasis role="keywordflow">for</emphasis>(<emphasis role="keywordtype">int</emphasis>&#32;j&#32;=&#32;0;&#32;j&lt;ladoMenor;&#32;j+=1)
321 &#32;&#32;&#32;&#32;&#32;&#32;&#32;&#32;&#32;&#32;&#32;&#32;&#32;&#32;&#32;&#32;{
322 &#32;&#32;&#32;&#32;&#32;&#32;&#32;&#32;&#32;&#32;&#32;&#32;&#32;&#32;&#32;&#32;&#32;&#32;&#32;&#32;<emphasis role="keywordflow">for</emphasis>(<emphasis role="keywordtype">int</emphasis>&#32;k=&#32;0;&#32;k&lt;grauComponente;&#32;k+=1)
323 &#32;&#32;&#32;&#32;&#32;&#32;&#32;&#32;&#32;&#32;&#32;&#32;&#32;&#32;&#32;&#32;&#32;&#32;&#32;&#32;{
324 &#32;&#32;&#32;&#32;&#32;&#32;&#32;&#32;&#32;&#32;&#32;&#32;&#32;&#32;&#32;&#32;&#32;&#32;&#32;&#32;&#32;&#32;&#32;&#32;<emphasis role="keywordtype">int</emphasis>&#32;calculoVertice&#32;=&#32;j+ladoMenor+k+1&#32;-&#32;contador;
325 &#32;&#32;&#32;&#32;&#32;&#32;&#32;&#32;&#32;&#32;&#32;&#32;&#32;&#32;&#32;&#32;&#32;&#32;&#32;&#32;&#32;&#32;&#32;&#32;<emphasis role="keywordtype">int</emphasis>&#32;calculoIndice&#32;=&#32;j+somaTamanhoComponentes+calculoVertice-1-ladoMenor;
326 &#32;&#32;&#32;&#32;&#32;&#32;&#32;&#32;&#32;&#32;&#32;&#32;&#32;&#32;&#32;&#32;&#32;&#32;&#32;&#32;&#32;&#32;&#32;&#32;
327 &#32;&#32;&#32;&#32;&#32;&#32;&#32;&#32;&#32;&#32;&#32;&#32;&#32;&#32;&#32;&#32;&#32;&#32;&#32;&#32;&#32;&#32;&#32;
328 &#32;&#32;&#32;&#32;&#32;&#32;&#32;&#32;&#32;&#32;&#32;&#32;&#32;&#32;&#32;&#32;&#32;&#32;&#32;&#32;&#32;&#32;&#32;&#32;<emphasis role="keywordflow">if</emphasis>(calculoVertice&#32;&lt;=&#32;tamanho[i])
329 &#32;&#32;&#32;&#32;&#32;&#32;&#32;&#32;&#32;&#32;&#32;&#32;&#32;&#32;&#32;&#32;&#32;&#32;&#32;&#32;&#32;&#32;&#32;&#32;{
330 &#32;&#32;&#32;&#32;&#32;&#32;&#32;&#32;&#32;&#32;&#32;&#32;&#32;&#32;&#32;&#32;&#32;&#32;&#32;&#32;&#32;&#32;&#32;&#32;&#32;&#32;&#32;&#32;outFile&lt;&lt;j+1+somaTamanhoComponentes&lt;&lt;<emphasis role="stringliteral">&quot;&#32;&quot;</emphasis>&lt;&lt;calculoVertice+&#32;somaTamanhoComponentes&lt;&lt;<emphasis role="stringliteral">&quot;&#32;&quot;</emphasis>;
331 &#32;&#32;&#32;&#32;&#32;&#32;&#32;&#32;&#32;&#32;&#32;&#32;&#32;&#32;&#32;&#32;&#32;&#32;&#32;&#32;&#32;&#32;&#32;&#32;&#32;&#32;&#32;&#32;<emphasis role="keywordflow">if</emphasis>(arestaPonderada)
332 &#32;&#32;&#32;&#32;&#32;&#32;&#32;&#32;&#32;&#32;&#32;&#32;&#32;&#32;&#32;&#32;&#32;&#32;&#32;&#32;&#32;&#32;&#32;&#32;&#32;&#32;&#32;&#32;{
333 &#32;&#32;&#32;&#32;&#32;&#32;&#32;&#32;&#32;&#32;&#32;&#32;&#32;&#32;&#32;&#32;&#32;&#32;&#32;&#32;&#32;&#32;&#32;&#32;&#32;&#32;&#32;&#32;&#32;&#32;&#32;&#32;<emphasis role="keywordflow">if</emphasis>(direcionado)
334 &#32;&#32;&#32;&#32;&#32;&#32;&#32;&#32;&#32;&#32;&#32;&#32;&#32;&#32;&#32;&#32;&#32;&#32;&#32;&#32;&#32;&#32;&#32;&#32;&#32;&#32;&#32;&#32;&#32;&#32;&#32;&#32;{
335 &#32;&#32;&#32;&#32;&#32;&#32;&#32;&#32;&#32;&#32;&#32;&#32;&#32;&#32;&#32;&#32;&#32;&#32;&#32;&#32;&#32;&#32;&#32;&#32;&#32;&#32;&#32;&#32;&#32;&#32;&#32;&#32;&#32;&#32;&#32;&#32;outFile&lt;&lt;(rand()&#32;%&#32;100&#32;+&#32;1)&lt;&lt;endl;
336 &#32;&#32;&#32;&#32;&#32;&#32;&#32;&#32;&#32;&#32;&#32;&#32;&#32;&#32;&#32;&#32;&#32;&#32;&#32;&#32;&#32;&#32;&#32;&#32;&#32;&#32;&#32;&#32;&#32;&#32;&#32;&#32;}
337 &#32;&#32;&#32;&#32;&#32;&#32;&#32;&#32;&#32;&#32;&#32;&#32;&#32;&#32;&#32;&#32;&#32;&#32;&#32;&#32;&#32;&#32;&#32;&#32;&#32;&#32;&#32;&#32;&#32;&#32;&#32;&#32;<emphasis role="keywordflow">else</emphasis>
338 &#32;&#32;&#32;&#32;&#32;&#32;&#32;&#32;&#32;&#32;&#32;&#32;&#32;&#32;&#32;&#32;&#32;&#32;&#32;&#32;&#32;&#32;&#32;&#32;&#32;&#32;&#32;&#32;&#32;&#32;&#32;&#32;{
339 &#32;&#32;&#32;&#32;&#32;&#32;&#32;&#32;&#32;&#32;&#32;&#32;&#32;&#32;&#32;&#32;&#32;&#32;&#32;&#32;&#32;&#32;&#32;&#32;&#32;&#32;&#32;&#32;&#32;&#32;&#32;&#32;&#32;&#32;&#32;&#32;outFile&lt;&lt;vet[calculoIndice]&lt;&lt;endl;
340 &#32;&#32;&#32;&#32;&#32;&#32;&#32;&#32;&#32;&#32;&#32;&#32;&#32;&#32;&#32;&#32;&#32;&#32;&#32;&#32;&#32;&#32;&#32;&#32;&#32;&#32;&#32;&#32;&#32;&#32;&#32;&#32;&#32;&#32;&#32;&#32;outFile&lt;&lt;calculoVertice+&#32;somaTamanhoComponentes&lt;&lt;<emphasis role="stringliteral">&quot;&#32;&quot;</emphasis>&lt;&lt;j+1+somaTamanhoComponentes&lt;&lt;&#32;<emphasis role="stringliteral">&quot;&#32;&quot;</emphasis>&lt;&lt;vet[calculoIndice]&#32;&lt;&lt;endl;
341 &#32;&#32;&#32;&#32;&#32;&#32;&#32;&#32;&#32;&#32;&#32;&#32;&#32;&#32;&#32;&#32;&#32;&#32;&#32;&#32;&#32;&#32;&#32;&#32;&#32;&#32;&#32;&#32;&#32;&#32;&#32;&#32;}
342 &#32;&#32;&#32;&#32;&#32;&#32;&#32;&#32;&#32;&#32;&#32;&#32;&#32;&#32;&#32;&#32;&#32;&#32;&#32;&#32;&#32;&#32;&#32;&#32;&#32;&#32;&#32;&#32;}
343 &#32;&#32;&#32;&#32;&#32;&#32;&#32;&#32;&#32;&#32;&#32;&#32;&#32;&#32;&#32;&#32;&#32;&#32;&#32;&#32;&#32;&#32;&#32;&#32;&#32;&#32;&#32;&#32;<emphasis role="keywordflow">else</emphasis>
344 &#32;&#32;&#32;&#32;&#32;&#32;&#32;&#32;&#32;&#32;&#32;&#32;&#32;&#32;&#32;&#32;&#32;&#32;&#32;&#32;&#32;&#32;&#32;&#32;&#32;&#32;&#32;&#32;{
345 &#32;&#32;&#32;&#32;&#32;&#32;&#32;&#32;&#32;&#32;&#32;&#32;&#32;&#32;&#32;&#32;&#32;&#32;&#32;&#32;&#32;&#32;&#32;&#32;&#32;&#32;&#32;&#32;&#32;&#32;&#32;&#32;<emphasis role="keywordflow">if</emphasis>(!direcionado)
346 &#32;&#32;&#32;&#32;&#32;&#32;&#32;&#32;&#32;&#32;&#32;&#32;&#32;&#32;&#32;&#32;&#32;&#32;&#32;&#32;&#32;&#32;&#32;&#32;&#32;&#32;&#32;&#32;&#32;&#32;&#32;&#32;{
347 &#32;&#32;&#32;&#32;&#32;&#32;&#32;&#32;&#32;&#32;&#32;&#32;&#32;&#32;&#32;&#32;&#32;&#32;&#32;&#32;&#32;&#32;&#32;&#32;&#32;&#32;&#32;&#32;&#32;&#32;&#32;&#32;&#32;&#32;&#32;&#32;outFile&lt;&lt;endl;
348 &#32;&#32;&#32;&#32;&#32;&#32;&#32;&#32;&#32;&#32;&#32;&#32;&#32;&#32;&#32;&#32;&#32;&#32;&#32;&#32;&#32;&#32;&#32;&#32;&#32;&#32;&#32;&#32;&#32;&#32;&#32;&#32;&#32;&#32;&#32;&#32;outFile&lt;&lt;calculoVertice+&#32;somaTamanhoComponentes&lt;&lt;<emphasis role="stringliteral">&quot;&#32;&quot;</emphasis>&lt;&lt;j+1+somaTamanhoComponentes&lt;&lt;<emphasis role="stringliteral">&quot;&#32;&quot;</emphasis>;
349 &#32;&#32;&#32;&#32;&#32;&#32;&#32;&#32;&#32;&#32;&#32;&#32;&#32;&#32;&#32;&#32;&#32;&#32;&#32;&#32;&#32;&#32;&#32;&#32;&#32;&#32;&#32;&#32;&#32;&#32;&#32;&#32;}
350 &#32;&#32;&#32;&#32;&#32;&#32;&#32;&#32;&#32;&#32;&#32;&#32;&#32;&#32;&#32;&#32;&#32;&#32;&#32;&#32;&#32;&#32;&#32;&#32;&#32;&#32;&#32;&#32;&#32;&#32;&#32;&#32;outFile&lt;&lt;endl;
351 &#32;&#32;&#32;&#32;&#32;&#32;&#32;&#32;&#32;&#32;&#32;&#32;&#32;&#32;&#32;&#32;&#32;&#32;&#32;&#32;&#32;&#32;&#32;&#32;&#32;&#32;&#32;&#32;}
352 &#32;&#32;&#32;&#32;&#32;&#32;&#32;&#32;&#32;&#32;&#32;&#32;&#32;&#32;&#32;&#32;&#32;&#32;&#32;&#32;&#32;&#32;&#32;&#32;&#32;&#32;&#32;&#32;
353 &#32;&#32;&#32;&#32;&#32;&#32;&#32;&#32;&#32;&#32;&#32;&#32;&#32;&#32;&#32;&#32;&#32;&#32;&#32;&#32;&#32;&#32;&#32;&#32;}
354 &#32;&#32;&#32;&#32;&#32;&#32;&#32;&#32;&#32;&#32;&#32;&#32;&#32;&#32;&#32;&#32;&#32;&#32;&#32;&#32;&#32;&#32;&#32;&#32;<emphasis role="keywordflow">else</emphasis>
355 &#32;&#32;&#32;&#32;&#32;&#32;&#32;&#32;&#32;&#32;&#32;&#32;&#32;&#32;&#32;&#32;&#32;&#32;&#32;&#32;&#32;&#32;&#32;&#32;{
356 &#32;&#32;&#32;&#32;&#32;&#32;&#32;&#32;&#32;&#32;&#32;&#32;&#32;&#32;&#32;&#32;&#32;&#32;&#32;&#32;&#32;&#32;&#32;&#32;&#32;&#32;&#32;&#32;outFile&lt;&lt;j+1+somaTamanhoComponentes&lt;&lt;<emphasis role="stringliteral">&quot;&#32;&quot;</emphasis>&lt;&lt;calculoVertice-ladoMenor+(ladoMenor-ladoMaior)+&#32;somaTamanhoComponentes&lt;&lt;<emphasis role="stringliteral">&quot;&#32;&quot;</emphasis>;
357 &#32;&#32;&#32;&#32;&#32;&#32;&#32;&#32;&#32;&#32;&#32;&#32;&#32;&#32;&#32;&#32;&#32;&#32;&#32;&#32;&#32;&#32;&#32;&#32;&#32;&#32;&#32;&#32;<emphasis role="keywordflow">if</emphasis>(arestaPonderada)
358 &#32;&#32;&#32;&#32;&#32;&#32;&#32;&#32;&#32;&#32;&#32;&#32;&#32;&#32;&#32;&#32;&#32;&#32;&#32;&#32;&#32;&#32;&#32;&#32;&#32;&#32;&#32;&#32;{
359 &#32;&#32;&#32;&#32;&#32;&#32;&#32;&#32;&#32;&#32;&#32;&#32;&#32;&#32;&#32;&#32;&#32;&#32;&#32;&#32;&#32;&#32;&#32;&#32;&#32;&#32;&#32;&#32;&#32;&#32;&#32;&#32;<emphasis role="keywordflow">if</emphasis>(direcionado)
360 &#32;&#32;&#32;&#32;&#32;&#32;&#32;&#32;&#32;&#32;&#32;&#32;&#32;&#32;&#32;&#32;&#32;&#32;&#32;&#32;&#32;&#32;&#32;&#32;&#32;&#32;&#32;&#32;&#32;&#32;&#32;&#32;{
361 &#32;&#32;&#32;&#32;&#32;&#32;&#32;&#32;&#32;&#32;&#32;&#32;&#32;&#32;&#32;&#32;&#32;&#32;&#32;&#32;&#32;&#32;&#32;&#32;&#32;&#32;&#32;&#32;&#32;&#32;&#32;&#32;&#32;&#32;&#32;&#32;outFile&lt;&lt;(rand()&#32;%&#32;100&#32;+&#32;1)&lt;&lt;endl;
362 &#32;&#32;&#32;&#32;&#32;&#32;&#32;&#32;&#32;&#32;&#32;&#32;&#32;&#32;&#32;&#32;&#32;&#32;&#32;&#32;&#32;&#32;&#32;&#32;&#32;&#32;&#32;&#32;&#32;&#32;&#32;&#32;}
363 &#32;&#32;&#32;&#32;&#32;&#32;&#32;&#32;&#32;&#32;&#32;&#32;&#32;&#32;&#32;&#32;&#32;&#32;&#32;&#32;&#32;&#32;&#32;&#32;&#32;&#32;&#32;&#32;&#32;&#32;&#32;&#32;<emphasis role="keywordflow">else</emphasis>
364 &#32;&#32;&#32;&#32;&#32;&#32;&#32;&#32;&#32;&#32;&#32;&#32;&#32;&#32;&#32;&#32;&#32;&#32;&#32;&#32;&#32;&#32;&#32;&#32;&#32;&#32;&#32;&#32;&#32;&#32;&#32;&#32;{
365 &#32;&#32;&#32;&#32;&#32;&#32;&#32;&#32;&#32;&#32;&#32;&#32;&#32;&#32;&#32;&#32;&#32;&#32;&#32;&#32;&#32;&#32;&#32;&#32;&#32;&#32;&#32;&#32;&#32;&#32;&#32;&#32;&#32;&#32;&#32;&#32;outFile&lt;&lt;vet[calculoIndice]&lt;&lt;endl;
366 &#32;&#32;&#32;&#32;&#32;&#32;&#32;&#32;&#32;&#32;&#32;&#32;&#32;&#32;&#32;&#32;&#32;&#32;&#32;&#32;&#32;&#32;&#32;&#32;&#32;&#32;&#32;&#32;&#32;&#32;&#32;&#32;&#32;&#32;&#32;&#32;outFile&lt;&lt;calculoVertice-ladoMenor+(ladoMenor-ladoMaior)&#32;
367 &#32;&#32;&#32;&#32;&#32;&#32;&#32;&#32;&#32;&#32;&#32;&#32;&#32;&#32;&#32;&#32;&#32;&#32;&#32;&#32;&#32;&#32;&#32;&#32;&#32;&#32;&#32;&#32;&#32;&#32;&#32;&#32;&#32;&#32;&#32;&#32;+somaTamanhoComponentes&lt;&lt;<emphasis role="stringliteral">&quot;&#32;&quot;</emphasis>&lt;&lt;j+1+somaTamanhoComponentes&lt;&lt;&#32;<emphasis role="stringliteral">&quot;&#32;&quot;</emphasis>&lt;&lt;vet[calculoIndice]&#32;&lt;&lt;endl;
368 &#32;&#32;&#32;&#32;&#32;&#32;&#32;&#32;&#32;&#32;&#32;&#32;&#32;&#32;&#32;&#32;&#32;&#32;&#32;&#32;&#32;&#32;&#32;&#32;&#32;&#32;&#32;&#32;&#32;&#32;&#32;&#32;}
369 &#32;&#32;&#32;&#32;&#32;&#32;&#32;&#32;&#32;&#32;&#32;&#32;&#32;&#32;&#32;&#32;&#32;&#32;&#32;&#32;&#32;&#32;&#32;&#32;&#32;&#32;&#32;&#32;}
370 &#32;&#32;&#32;&#32;&#32;&#32;&#32;&#32;&#32;&#32;&#32;&#32;&#32;&#32;&#32;&#32;&#32;&#32;&#32;&#32;&#32;&#32;&#32;&#32;&#32;&#32;&#32;&#32;<emphasis role="keywordflow">else</emphasis>
371 &#32;&#32;&#32;&#32;&#32;&#32;&#32;&#32;&#32;&#32;&#32;&#32;&#32;&#32;&#32;&#32;&#32;&#32;&#32;&#32;&#32;&#32;&#32;&#32;&#32;&#32;&#32;&#32;{
372 &#32;&#32;&#32;&#32;&#32;&#32;&#32;&#32;&#32;&#32;&#32;&#32;&#32;&#32;&#32;&#32;&#32;&#32;&#32;&#32;&#32;&#32;&#32;&#32;&#32;&#32;&#32;&#32;&#32;&#32;&#32;&#32;<emphasis role="keywordflow">if</emphasis>(!direcionado)
373 &#32;&#32;&#32;&#32;&#32;&#32;&#32;&#32;&#32;&#32;&#32;&#32;&#32;&#32;&#32;&#32;&#32;&#32;&#32;&#32;&#32;&#32;&#32;&#32;&#32;&#32;&#32;&#32;&#32;&#32;&#32;&#32;{
374 &#32;&#32;&#32;&#32;&#32;&#32;&#32;&#32;&#32;&#32;&#32;&#32;&#32;&#32;&#32;&#32;&#32;&#32;&#32;&#32;&#32;&#32;&#32;&#32;&#32;&#32;&#32;&#32;&#32;&#32;&#32;&#32;&#32;&#32;&#32;&#32;outFile&lt;&lt;endl;
375 &#32;&#32;&#32;&#32;&#32;&#32;&#32;&#32;&#32;&#32;&#32;&#32;&#32;&#32;&#32;&#32;&#32;&#32;&#32;&#32;&#32;&#32;&#32;&#32;&#32;&#32;&#32;&#32;&#32;&#32;&#32;&#32;&#32;&#32;&#32;&#32;outFile&lt;&lt;calculoVertice-ladoMenor+(ladoMenor-ladoMaior)+somaTamanhoComponentes&lt;&lt;<emphasis role="stringliteral">&quot;&#32;&quot;</emphasis>&lt;&lt;j+1+somaTamanhoComponentes&lt;&lt;&#32;<emphasis role="stringliteral">&quot;&#32;&quot;</emphasis>;
376 &#32;&#32;&#32;&#32;&#32;&#32;&#32;&#32;&#32;&#32;&#32;&#32;&#32;&#32;&#32;&#32;&#32;&#32;&#32;&#32;&#32;&#32;&#32;&#32;&#32;&#32;&#32;&#32;&#32;&#32;&#32;&#32;}
377 &#32;&#32;&#32;&#32;&#32;&#32;&#32;&#32;&#32;&#32;&#32;&#32;&#32;&#32;&#32;&#32;&#32;&#32;&#32;&#32;&#32;&#32;&#32;&#32;&#32;&#32;&#32;&#32;&#32;&#32;&#32;&#32;outFile&lt;&lt;endl;
378 &#32;&#32;&#32;&#32;&#32;&#32;&#32;&#32;&#32;&#32;&#32;&#32;&#32;&#32;&#32;&#32;&#32;&#32;&#32;&#32;&#32;&#32;&#32;&#32;&#32;&#32;&#32;&#32;}
379 &#32;&#32;&#32;&#32;&#32;&#32;&#32;&#32;&#32;&#32;&#32;&#32;&#32;&#32;&#32;&#32;&#32;&#32;&#32;&#32;&#32;&#32;&#32;&#32;&#32;&#32;&#32;&#32;
380 &#32;&#32;&#32;&#32;&#32;&#32;&#32;&#32;&#32;&#32;&#32;&#32;&#32;&#32;&#32;&#32;&#32;&#32;&#32;&#32;&#32;&#32;&#32;&#32;}
381 &#32;&#32;&#32;&#32;&#32;&#32;&#32;&#32;&#32;&#32;&#32;&#32;&#32;&#32;&#32;&#32;&#32;&#32;&#32;&#32;&#32;&#32;&#32;&#32;
382 &#32;&#32;&#32;&#32;&#32;&#32;&#32;&#32;&#32;&#32;&#32;&#32;&#32;&#32;&#32;&#32;&#32;&#32;&#32;&#32;}
383 &#32;&#32;&#32;&#32;&#32;&#32;&#32;&#32;&#32;&#32;&#32;&#32;&#32;&#32;&#32;&#32;&#32;&#32;&#32;&#32;<emphasis role="keywordflow">if</emphasis>(grau&gt;=ladoMaior)
384 &#32;&#32;&#32;&#32;&#32;&#32;&#32;&#32;&#32;&#32;&#32;&#32;&#32;&#32;&#32;&#32;&#32;&#32;&#32;&#32;{
385 &#32;&#32;&#32;&#32;&#32;&#32;&#32;&#32;&#32;&#32;&#32;&#32;&#32;&#32;&#32;&#32;&#32;&#32;&#32;&#32;&#32;&#32;&#32;&#32;contador+=1;&#32;
386 &#32;&#32;&#32;&#32;&#32;&#32;&#32;&#32;&#32;&#32;&#32;&#32;&#32;&#32;&#32;&#32;&#32;&#32;&#32;&#32;}
387 &#32;&#32;&#32;&#32;&#32;&#32;&#32;&#32;&#32;&#32;&#32;&#32;&#32;&#32;&#32;&#32;&#32;&#32;&#32;&#32;
388 &#32;&#32;&#32;&#32;&#32;&#32;&#32;&#32;&#32;&#32;&#32;&#32;&#32;&#32;&#32;&#32;}
389 &#32;&#32;&#32;&#32;&#32;&#32;&#32;&#32;&#32;&#32;&#32;&#32;}
390 &#32;&#32;&#32;&#32;&#32;&#32;&#32;&#32;&#32;&#32;&#32;&#32;<emphasis role="keywordflow">return</emphasis>&#32;<emphasis role="keyword">true</emphasis>;
391 &#32;&#32;&#32;&#32;&#32;&#32;&#32;&#32;}
393 &#32;&#32;&#32;&#32;<emphasis role="keywordtype">void</emphasis>&#32;<link linkend="_classGrafoAbstract_1ab984ce94223715702b594fb3fd12bed4">carregaGrafo</link>()&#32;{
394 &#32;&#32;&#32;&#32;&#32;&#32;&#32;&#32;ifstream&#32;inFile(grafoText);
395 &#32;&#32;&#32;&#32;&#32;&#32;&#32;&#32;<emphasis role="keywordflow">if</emphasis>(arquivoVazio(grafoText))
396 &#32;&#32;&#32;&#32;&#32;&#32;&#32;&#32;{
397 &#32;&#32;&#32;&#32;&#32;&#32;&#32;&#32;&#32;&#32;&#32;&#32;<emphasis role="keywordflow">return</emphasis>;
398 &#32;&#32;&#32;&#32;&#32;&#32;&#32;&#32;}
399 
400 &#32;&#32;&#32;&#32;&#32;&#32;&#32;&#32;<emphasis role="keywordtype">int</emphasis>&#32;numVertices,&#32;direcionado,&#32;verticePonderado,&#32;arestaPonderada;
401 &#32;&#32;&#32;&#32;&#32;&#32;&#32;&#32;inFile&#32;&gt;&gt;&#32;numVertices&#32;&gt;&gt;&#32;direcionado&#32;&gt;&gt;&#32;verticePonderado&#32;&gt;&gt;&#32;arestaPonderada;
402 
403 &#32;&#32;&#32;&#32;&#32;&#32;&#32;&#32;this-&gt;setOrdem(numVertices);
404 &#32;&#32;&#32;&#32;&#32;&#32;&#32;&#32;this-&gt;setDirecionado(direcionado);
405 &#32;&#32;&#32;&#32;&#32;&#32;&#32;&#32;this-&gt;setVerticePonderado(verticePonderado);
406 &#32;&#32;&#32;&#32;&#32;&#32;&#32;&#32;this-&gt;setArestaPonderada(arestaPonderada);
407 
408 &#32;&#32;&#32;&#32;&#32;&#32;&#32;&#32;<emphasis role="keywordflow">if</emphasis>&#32;(verticePonderado)&#32;{
409 &#32;&#32;&#32;&#32;&#32;&#32;&#32;&#32;&#32;&#32;&#32;&#32;<emphasis role="keywordflow">for</emphasis>&#32;(<emphasis role="keywordtype">int</emphasis>&#32;i&#32;=&#32;0;&#32;i&#32;&lt;&#32;numVertices;&#32;i+=1)&#32;{
410 &#32;&#32;&#32;&#32;&#32;&#32;&#32;&#32;&#32;&#32;&#32;&#32;&#32;&#32;&#32;&#32;<emphasis role="keywordtype">int</emphasis>&#32;peso;
411 &#32;&#32;&#32;&#32;&#32;&#32;&#32;&#32;&#32;&#32;&#32;&#32;&#32;&#32;&#32;&#32;inFile&#32;&gt;&gt;&#32;peso;
412 &#32;&#32;&#32;&#32;&#32;&#32;&#32;&#32;&#32;&#32;&#32;&#32;&#32;&#32;&#32;&#32;insereVertice(peso);
413 
414 &#32;&#32;&#32;&#32;&#32;&#32;&#32;&#32;&#32;&#32;&#32;&#32;}
415 &#32;&#32;&#32;&#32;&#32;&#32;&#32;&#32;}&#32;
416 &#32;&#32;&#32;&#32;&#32;&#32;&#32;&#32;<emphasis role="keywordflow">else</emphasis>
417 &#32;&#32;&#32;&#32;&#32;&#32;&#32;&#32;{
418 &#32;&#32;&#32;&#32;&#32;&#32;&#32;&#32;&#32;&#32;&#32;&#32;<emphasis role="keywordflow">for</emphasis>&#32;(<emphasis role="keywordtype">int</emphasis>&#32;i&#32;=&#32;0;&#32;i&#32;&lt;&#32;numVertices;&#32;i+=1)&#32;{
419 &#32;&#32;&#32;&#32;&#32;&#32;&#32;&#32;&#32;&#32;&#32;&#32;&#32;&#32;&#32;&#32;insereVertice(0);
420 &#32;&#32;&#32;&#32;&#32;&#32;&#32;&#32;&#32;&#32;&#32;&#32;}
421 &#32;&#32;&#32;&#32;&#32;&#32;&#32;&#32;}
422 
423 &#32;&#32;&#32;&#32;&#32;&#32;&#32;&#32;<emphasis role="keywordtype">int</emphasis>&#32;origem,&#32;destino;
424 &#32;&#32;&#32;&#32;&#32;&#32;&#32;&#32;<emphasis role="keywordflow">while</emphasis>&#32;(inFile&#32;&gt;&gt;&#32;origem&#32;&gt;&gt;&#32;destino)&#32;{
425 &#32;&#32;&#32;&#32;&#32;&#32;&#32;&#32;&#32;&#32;&#32;&#32;<emphasis role="keywordflow">if</emphasis>&#32;(arestaPonderada)&#32;{
426 &#32;&#32;&#32;&#32;&#32;&#32;&#32;&#32;&#32;&#32;&#32;&#32;&#32;&#32;&#32;&#32;<emphasis role="keywordtype">int</emphasis>&#32;peso;
427 &#32;&#32;&#32;&#32;&#32;&#32;&#32;&#32;&#32;&#32;&#32;&#32;&#32;&#32;&#32;&#32;inFile&#32;&gt;&gt;&#32;peso;
428 &#32;&#32;&#32;&#32;&#32;&#32;&#32;&#32;&#32;&#32;&#32;&#32;&#32;&#32;&#32;&#32;insereAresta(origem,&#32;destino,&#32;peso);
429 &#32;&#32;&#32;&#32;&#32;&#32;&#32;&#32;&#32;&#32;&#32;&#32;}
430 &#32;&#32;&#32;&#32;&#32;&#32;&#32;&#32;&#32;&#32;&#32;&#32;<emphasis role="keywordflow">else</emphasis>&#32;{
431 &#32;&#32;&#32;&#32;&#32;&#32;&#32;&#32;&#32;&#32;&#32;&#32;&#32;&#32;&#32;&#32;insereAresta(origem,&#32;destino,&#32;0);
432 &#32;&#32;&#32;&#32;&#32;&#32;&#32;&#32;&#32;&#32;&#32;&#32;}
433 &#32;&#32;&#32;&#32;&#32;&#32;&#32;&#32;}
434 &#32;&#32;&#32;&#32;&#32;&#32;&#32;&#32;
435 &#32;&#32;&#32;&#32;&#32;&#32;&#32;&#32;inFile.close();
436 &#32;&#32;&#32;&#32;&#32;&#32;&#32;&#32;imprimeGrafo();
437 &#32;&#32;&#32;&#32;}
439 &#32;&#32;&#32;&#32;<emphasis role="keywordtype">void</emphasis>&#32;<link linkend="_classGrafoAbstract_1acda8a9c27b0ecbf193ae6687dc2d46c0">novoGrafo</link>()&#32;{
440 &#32;&#32;&#32;&#32;&#32;&#32;&#32;&#32;srand(time(0));
441 &#32;&#32;&#32;&#32;&#32;&#32;&#32;&#32;ifstream&#32;descFile(descText);
442 &#32;&#32;&#32;&#32;&#32;&#32;&#32;&#32;<emphasis role="keywordflow">if</emphasis>(arquivoVazio(descText))
443 &#32;&#32;&#32;&#32;&#32;&#32;&#32;&#32;{
444 &#32;&#32;&#32;&#32;&#32;&#32;&#32;&#32;&#32;&#32;&#32;&#32;<emphasis role="keywordflow">return</emphasis>;
445 &#32;&#32;&#32;&#32;&#32;&#32;&#32;&#32;}
446 &#32;&#32;&#32;&#32;&#32;&#32;&#32;&#32;
447 &#32;&#32;&#32;&#32;&#32;&#32;&#32;&#32;<emphasis role="keywordtype">bool</emphasis>&#32;direcionado,verticePonderado,&#32;arestaPonderada,&#32;completo,&#32;bipartido,&#32;arvore,&#32;ponte,&#32;&#32;articulacao;
448 &#32;&#32;&#32;&#32;&#32;&#32;&#32;&#32;<emphasis role="keywordtype">int</emphasis>&#32;grau&#32;=&#32;0,&#32;ordem,&#32;componentesConexas;
449 
450 &#32;&#32;&#32;&#32;&#32;&#32;&#32;&#32;descFile&#32;&gt;&gt;&#32;grau&#32;&gt;&gt;&#32;ordem&#32;&gt;&gt;&#32;direcionado&#32;&gt;&gt;&#32;componentesConexas&#32;&gt;&gt;&#32;verticePonderado&#32;&gt;&gt;&#32;arestaPonderada;
451 &#32;&#32;&#32;&#32;&#32;&#32;&#32;&#32;descFile&#32;&gt;&gt;&#32;completo&#32;&gt;&gt;&#32;bipartido&#32;&gt;&gt;&#32;arvore&#32;&gt;&gt;&#32;ponte&#32;&gt;&gt;&#32;articulacao;
452 
453 &#32;&#32;&#32;&#32;&#32;&#32;&#32;&#32;descFile.close();
454 &#32;&#32;&#32;&#32;&#32;&#32;&#32;&#32;ofstream&#32;outFile(grafoText,&#32;ios::trunc);
455 &#32;&#32;&#32;&#32;&#32;&#32;&#32;&#32;<emphasis role="keywordflow">if</emphasis>(!outFile.is_open())
456 &#32;&#32;&#32;&#32;&#32;&#32;&#32;&#32;{
457 &#32;&#32;&#32;&#32;&#32;&#32;&#32;&#32;&#32;&#32;&#32;&#32;cout&lt;&lt;<emphasis role="stringliteral">&quot;Erro&#32;ao&#32;abrir&#32;o&#32;arquivo.&quot;</emphasis>&lt;&lt;endl;
458 &#32;&#32;&#32;&#32;&#32;&#32;&#32;&#32;&#32;&#32;&#32;&#32;<emphasis role="keywordflow">return</emphasis>;
459 &#32;&#32;&#32;&#32;&#32;&#32;&#32;&#32;}
460 
461 &#32;&#32;&#32;&#32;&#32;&#32;&#32;&#32;outFile&#32;&lt;&lt;&#32;ordem&#32;&lt;&lt;&#32;<emphasis role="stringliteral">&quot;&#32;&quot;</emphasis>&#32;&lt;&lt;&#32;direcionado&#32;&lt;&lt;&#32;<emphasis role="stringliteral">&quot;&#32;&quot;</emphasis>&#32;&lt;&lt;&#32;verticePonderado&#32;&lt;&lt;&#32;<emphasis role="stringliteral">&quot;&#32;&quot;</emphasis>&#32;&lt;&lt;&#32;arestaPonderada&#32;&lt;&lt;&#32;endl;
462 &#32;&#32;&#32;&#32;&#32;&#32;&#32;&#32;
463 &#32;&#32;&#32;&#32;&#32;&#32;&#32;&#32;<link linkend="_classGrafoAbstract_1ab660e47d44e19b375952706ee825b598">criaGrafo</link>(ordem,&#32;grau,&#32;direcionado,&#32;componentesConexas,&#32;ponte,&#32;articulacao,&#32;completo,&#32;bipartido,&#32;arvore);
464 &#32;&#32;&#32;&#32;&#32;&#32;&#32;&#32;<emphasis role="comment">//&#32;if(verticePonderado)</emphasis>
465 &#32;&#32;&#32;&#32;&#32;&#32;&#32;&#32;<emphasis role="comment">//&#32;{</emphasis>
466 &#32;&#32;&#32;&#32;&#32;&#32;&#32;&#32;<emphasis role="comment">//&#32;&#32;&#32;&#32;&#32;for&#32;(int&#32;i&#32;=&#32;0;&#32;i&#32;&lt;&#32;ordem;&#32;++i)&#32;{</emphasis>
467 &#32;&#32;&#32;&#32;&#32;&#32;&#32;&#32;<emphasis role="comment">//&#32;&#32;&#32;&#32;&#32;&#32;&#32;&#32;&#32;int&#32;peso&#32;=&#32;(rand()&#32;%&#32;100&#32;+&#32;1);</emphasis>
468 &#32;&#32;&#32;&#32;&#32;&#32;&#32;&#32;<emphasis role="comment">//&#32;&#32;&#32;&#32;&#32;&#32;&#32;&#32;&#32;if&#32;(verticePonderado)&#32;{</emphasis>
469 &#32;&#32;&#32;&#32;&#32;&#32;&#32;&#32;<emphasis role="comment">//&#32;&#32;&#32;&#32;&#32;&#32;&#32;&#32;&#32;&#32;&#32;&#32;&#32;outFile&#32;&lt;&lt;&#32;peso&#32;&lt;&lt;&#32;&quot;&#32;&quot;;</emphasis>
470 &#32;&#32;&#32;&#32;&#32;&#32;&#32;&#32;<emphasis role="comment">//&#32;&#32;&#32;&#32;&#32;&#32;&#32;&#32;&#32;}</emphasis>
471 &#32;&#32;&#32;&#32;&#32;&#32;&#32;&#32;<emphasis role="comment">//&#32;&#32;&#32;&#32;&#32;}</emphasis>
472 &#32;&#32;&#32;&#32;&#32;&#32;&#32;&#32;<emphasis role="comment">//&#32;&#32;&#32;&#32;&#32;outFile&#32;&lt;&lt;&#32;endl;</emphasis>
473 &#32;&#32;&#32;&#32;&#32;&#32;&#32;&#32;<emphasis role="comment">//&#32;}</emphasis>
474 &#32;&#32;&#32;&#32;&#32;&#32;&#32;&#32;
475 &#32;&#32;&#32;&#32;&#32;&#32;&#32;&#32;<emphasis role="comment">//&#32;if&#32;(completo)&#32;{</emphasis>
476 &#32;&#32;&#32;&#32;&#32;&#32;&#32;&#32;<emphasis role="comment">//&#32;&#32;&#32;&#32;&#32;if((grau&#32;!=&#32;ordem-1)&#32;||&#32;componentesConexas&#32;!=&#32;1&#32;||&#32;ponte&#32;||&#32;articulacao&#32;||&#32;ordem&#32;&lt;=0)</emphasis>
477 &#32;&#32;&#32;&#32;&#32;&#32;&#32;&#32;<emphasis role="comment">//&#32;&#32;&#32;&#32;&#32;{</emphasis>
478 &#32;&#32;&#32;&#32;&#32;&#32;&#32;&#32;<emphasis role="comment">//&#32;&#32;&#32;&#32;&#32;&#32;&#32;&#32;&#32;cout&lt;&lt;&quot;Grafo&#32;completo&#32;não&#32;pode&#32;ser&#32;feito&#32;com&#32;a&#32;descrição&#32;dada!&quot;&lt;&lt;endl;</emphasis>
479 &#32;&#32;&#32;&#32;&#32;&#32;&#32;&#32;<emphasis role="comment">//&#32;&#32;&#32;&#32;&#32;&#32;&#32;&#32;&#32;limpaArquivo(outFile,&#32;grafoText);</emphasis>
480 &#32;&#32;&#32;&#32;&#32;&#32;&#32;&#32;<emphasis role="comment">//&#32;&#32;&#32;&#32;&#32;&#32;&#32;&#32;&#32;return;</emphasis>
481 &#32;&#32;&#32;&#32;&#32;&#32;&#32;&#32;<emphasis role="comment">//&#32;&#32;&#32;&#32;&#32;}</emphasis>
482 &#32;&#32;&#32;&#32;&#32;&#32;&#32;&#32;<emphasis role="comment">//&#32;&#32;&#32;&#32;&#32;criaCompleto(outFile,&#32;ordem,&#32;arestaPonderada,&#32;direcionado);</emphasis>
483 &#32;&#32;&#32;&#32;&#32;&#32;&#32;&#32;<emphasis role="comment">//&#32;}</emphasis>
484 &#32;&#32;&#32;&#32;&#32;&#32;&#32;&#32;<emphasis role="comment">//&#32;else&#32;if&#32;(bipartido)&#32;{</emphasis>
485 &#32;&#32;&#32;&#32;&#32;&#32;&#32;&#32;<emphasis role="comment">//&#32;&#32;&#32;&#32;&#32;if(!criaBipartido(outFile,&#32;ordem,&#32;arestaPonderada,&#32;direcionado,&#32;grau,&#32;componentesConexas,&#32;ponte,&#32;articulacao))</emphasis>
486 &#32;&#32;&#32;&#32;&#32;&#32;&#32;&#32;<emphasis role="comment">//&#32;&#32;&#32;&#32;&#32;{</emphasis>
487 &#32;&#32;&#32;&#32;&#32;&#32;&#32;&#32;<emphasis role="comment">//&#32;&#32;&#32;&#32;&#32;&#32;&#32;&#32;&#32;cout&lt;&lt;&quot;Grafo&#32;bipartido&#32;não&#32;pode&#32;ser&#32;feito&#32;com&#32;a&#32;descrição&#32;dada!&quot;&lt;&lt;endl;</emphasis>
488 &#32;&#32;&#32;&#32;&#32;&#32;&#32;&#32;<emphasis role="comment">//&#32;&#32;&#32;&#32;&#32;&#32;&#32;&#32;&#32;limpaArquivo(outFile,&#32;grafoText);</emphasis>
489 &#32;&#32;&#32;&#32;&#32;&#32;&#32;&#32;<emphasis role="comment">//&#32;&#32;&#32;&#32;&#32;&#32;&#32;&#32;&#32;return;</emphasis>
490 &#32;&#32;&#32;&#32;&#32;&#32;&#32;&#32;<emphasis role="comment">//&#32;&#32;&#32;&#32;&#32;}</emphasis>
491 &#32;&#32;&#32;&#32;&#32;&#32;&#32;&#32;<emphasis role="comment">//&#32;}&#32;</emphasis>
492 &#32;&#32;&#32;&#32;&#32;&#32;&#32;&#32;<emphasis role="comment">//&#32;else&#32;if&#32;(arvore)</emphasis>
493 &#32;&#32;&#32;&#32;&#32;&#32;&#32;&#32;<emphasis role="comment">//&#32;{</emphasis>
494 &#32;&#32;&#32;&#32;&#32;&#32;&#32;&#32;<emphasis role="comment">//&#32;&#32;&#32;&#32;&#32;if(componentesConexas&#32;!=&#32;1&#32;||&#32;grau&#32;&gt;=&#32;ordem&#32;||&#32;grau&#32;&lt;0&#32;||&#32;ordem&#32;&lt;=0&#32;&#32;||&#32;(ordem&#32;==&#32;1&#32;&amp;&amp;&#32;ponte)&#32;||&#32;((ordem&#32;==&#32;1&#32;||&#32;ordem&#32;==&#32;2)&#32;&amp;&amp;&#32;articulacao)&#32;||&#32;(ordem&#32;&gt;2&#32;&amp;&amp;&#32;grau&#32;==&#32;1))</emphasis>
495 &#32;&#32;&#32;&#32;&#32;&#32;&#32;&#32;<emphasis role="comment">//&#32;&#32;&#32;&#32;&#32;{</emphasis>
496 &#32;&#32;&#32;&#32;&#32;&#32;&#32;&#32;<emphasis role="comment">//&#32;&#32;&#32;&#32;&#32;&#32;&#32;&#32;&#32;&#32;&#32;&#32;&#32;cout&lt;&lt;&quot;Grafo&#32;arvore&#32;não&#32;pode&#32;ser&#32;feito&#32;com&#32;a&#32;descrição&#32;dada!&quot;&lt;&lt;endl;</emphasis>
497 &#32;&#32;&#32;&#32;&#32;&#32;&#32;&#32;<emphasis role="comment">//&#32;&#32;&#32;&#32;&#32;&#32;&#32;&#32;&#32;&#32;&#32;&#32;&#32;limpaArquivo(outFile,&#32;grafoText);</emphasis>
498 &#32;&#32;&#32;&#32;&#32;&#32;&#32;&#32;<emphasis role="comment">//&#32;&#32;&#32;&#32;&#32;&#32;&#32;&#32;&#32;&#32;&#32;&#32;&#32;return;</emphasis>
499 &#32;&#32;&#32;&#32;&#32;&#32;&#32;&#32;<emphasis role="comment">//&#32;&#32;&#32;&#32;&#32;}</emphasis>
500 &#32;&#32;&#32;&#32;&#32;&#32;&#32;&#32;<emphasis role="comment">//&#32;&#32;&#32;&#32;&#32;criaArvore(outFile,&#32;ordem,&#32;arestaPonderada,&#32;direcionado,&#32;grau);</emphasis>
501 &#32;&#32;&#32;&#32;&#32;&#32;&#32;&#32;<emphasis role="comment">//&#32;}</emphasis>
502 &#32;&#32;&#32;&#32;&#32;&#32;&#32;&#32;outFile.close();
503 &#32;&#32;&#32;&#32;}
504 
505 &#32;&#32;&#32;&#32;<emphasis role="keywordtype">void</emphasis>&#32;limpaArquivo(ofstream&amp;&#32;outFile,&#32;<emphasis role="keywordtype">string</emphasis>&#32;nomeArquivo)&#32;{
506 &#32;&#32;&#32;&#32;&#32;&#32;&#32;&#32;outFile.close();
507 &#32;&#32;&#32;&#32;&#32;&#32;&#32;&#32;outFile.open(nomeArquivo,&#32;ios::trunc);
508 &#32;&#32;&#32;&#32;&#32;&#32;&#32;&#32;outFile.close();
509 &#32;&#32;&#32;&#32;}
510 &#32;&#32;&#32;&#32;<emphasis role="keywordtype">void</emphasis>&#32;imprimeGrafo()
511 &#32;&#32;&#32;&#32;{
512 &#32;&#32;&#32;&#32;&#32;&#32;&#32;&#32;cout&lt;&lt;<emphasis role="stringliteral">&quot;grafo.txt&quot;</emphasis>&lt;&lt;endl;
513 &#32;&#32;&#32;&#32;&#32;&#32;&#32;&#32;cout&lt;&lt;endl;
514 &#32;&#32;&#32;&#32;&#32;&#32;&#32;&#32;cout&lt;&lt;<emphasis role="stringliteral">&quot;Grau:&#32;&quot;</emphasis>&lt;&lt;getGrau()&lt;&lt;endl;
515 &#32;&#32;&#32;&#32;&#32;&#32;&#32;&#32;cout&lt;&lt;<emphasis role="stringliteral">&quot;Ordem:&#32;&quot;</emphasis>&lt;&lt;getOrdem()&lt;&lt;endl;
516 &#32;&#32;&#32;&#32;&#32;&#32;&#32;&#32;cout&lt;&lt;<emphasis role="stringliteral">&quot;Direcionado:&#32;&quot;</emphasis>&lt;&lt;eh_direcionado()&lt;&lt;endl;
517 &#32;&#32;&#32;&#32;&#32;&#32;&#32;&#32;cout&lt;&lt;<emphasis role="stringliteral">&quot;Componentes&#32;conexas:&#32;&quot;</emphasis>&lt;&lt;getNConexo()&lt;&lt;endl;
518 &#32;&#32;&#32;&#32;&#32;&#32;&#32;&#32;cout&lt;&lt;<emphasis role="stringliteral">&quot;Vertices&#32;ponderados:&#32;&quot;</emphasis>&lt;&lt;verticePonderado()&lt;&lt;endl;
519 &#32;&#32;&#32;&#32;&#32;&#32;&#32;&#32;cout&lt;&lt;<emphasis role="stringliteral">&quot;Arestas&#32;ponderadas:&#32;&quot;</emphasis>&lt;&lt;arestaPonderada()&lt;&lt;endl;
520 &#32;&#32;&#32;&#32;&#32;&#32;&#32;&#32;cout&lt;&lt;<emphasis role="stringliteral">&quot;Completo:&#32;&quot;</emphasis>&lt;&lt;eh_completo()&lt;&lt;endl;
521 &#32;&#32;&#32;&#32;&#32;&#32;&#32;&#32;cout&lt;&lt;<emphasis role="stringliteral">&quot;Bipartido:&#32;&quot;</emphasis>&lt;&lt;eh_bipartido()&lt;&lt;endl;
522 &#32;&#32;&#32;&#32;&#32;&#32;&#32;&#32;cout&lt;&lt;<emphasis role="stringliteral">&quot;Arvore:&#32;&quot;</emphasis>&lt;&lt;eh_arvore()&lt;&lt;endl;
523 &#32;&#32;&#32;&#32;&#32;&#32;&#32;&#32;cout&lt;&lt;<emphasis role="stringliteral">&quot;Aresta&#32;Ponte:&#32;&quot;</emphasis>&lt;&lt;possuiPonte()&lt;&lt;endl;
524 &#32;&#32;&#32;&#32;&#32;&#32;&#32;&#32;cout&lt;&lt;<emphasis role="stringliteral">&quot;Vertice&#32;Articulação:&#32;&quot;</emphasis>&lt;&lt;possuiArticulacao()&lt;&lt;endl;
525 &#32;&#32;&#32;&#32;}
527 &#32;&#32;&#32;&#32;<emphasis role="keywordtype">void</emphasis>&#32;<link linkend="_classGrafoAbstract_1ab660e47d44e19b375952706ee825b598">criaGrafo</link>(<emphasis role="keywordtype">int</emphasis>&#32;ordem,&#32;<emphasis role="keywordtype">int</emphasis>&#32;grau,&#32;<emphasis role="keywordtype">bool</emphasis>&#32;direcionado,&#32;<emphasis role="keywordtype">int</emphasis>&#32;componentesConexas,&#32;<emphasis role="keywordtype">bool</emphasis>&#32;ponte,&#32;<emphasis role="keywordtype">bool</emphasis>&#32;articulacao,&#32;<emphasis role="keywordtype">bool</emphasis>&#32;completo,&#32;<emphasis role="keywordtype">bool</emphasis>&#32;bipartido,&#32;<emphasis role="keywordtype">bool</emphasis>&#32;arvore)&#32;{
528 &#32;&#32;&#32;&#32;&#32;&#32;&#32;&#32;srand(time(0));
529 
530 &#32;&#32;&#32;&#32;&#32;&#32;&#32;&#32;<emphasis role="comment">//&#32;Inserir&#32;vértices</emphasis>
531 &#32;&#32;&#32;&#32;&#32;&#32;&#32;&#32;<emphasis role="keywordflow">for</emphasis>&#32;(<emphasis role="keywordtype">int</emphasis>&#32;i&#32;=&#32;0;&#32;i&#32;&lt;&#32;ordem;&#32;i++)&#32;{
532 &#32;&#32;&#32;&#32;&#32;&#32;&#32;&#32;&#32;&#32;&#32;&#32;<emphasis role="keywordtype">int</emphasis>&#32;pesoAleatorio&#32;=&#32;(rand()&#32;%&#32;100&#32;+&#32;1);&#32;<emphasis role="comment">//&#32;Peso&#32;aleatório&#32;para&#32;o&#32;vértice</emphasis>
533 &#32;&#32;&#32;&#32;&#32;&#32;&#32;&#32;&#32;&#32;&#32;&#32;insereVertice(pesoAleatorio);
534 &#32;&#32;&#32;&#32;&#32;&#32;&#32;&#32;}
535 
536 &#32;&#32;&#32;&#32;&#32;&#32;&#32;&#32;<emphasis role="comment">//&#32;Tentar&#32;inserir&#32;arestas&#32;de&#32;forma&#32;aleatória&#32;até&#32;que&#32;o&#32;grafo&#32;atenda&#32;aos&#32;requisitos</emphasis>
537 &#32;&#32;&#32;&#32;&#32;&#32;&#32;&#32;<emphasis role="keywordtype">bool</emphasis>&#32;grafoValido&#32;=&#32;<emphasis role="keyword">false</emphasis>;
538 &#32;&#32;&#32;&#32;&#32;&#32;&#32;&#32;<emphasis role="keywordflow">while</emphasis>&#32;(!grafoValido)&#32;{
539 &#32;&#32;&#32;&#32;&#32;&#32;&#32;&#32;&#32;&#32;&#32;&#32;<emphasis role="keywordtype">int</emphasis>&#32;i&#32;=&#32;rand()&#32;%&#32;ordem;
540 &#32;&#32;&#32;&#32;&#32;&#32;&#32;&#32;&#32;&#32;&#32;&#32;<emphasis role="keywordtype">int</emphasis>&#32;j&#32;=&#32;rand()&#32;%&#32;ordem;
541 &#32;&#32;&#32;&#32;&#32;&#32;&#32;&#32;&#32;&#32;&#32;&#32;<emphasis role="keywordflow">while</emphasis>&#32;(i&#32;==&#32;j)&#32;{
542 &#32;&#32;&#32;&#32;&#32;&#32;&#32;&#32;&#32;&#32;&#32;&#32;&#32;&#32;&#32;&#32;j&#32;=&#32;rand()&#32;%&#32;ordem;
543 &#32;&#32;&#32;&#32;&#32;&#32;&#32;&#32;&#32;&#32;&#32;&#32;}
544 &#32;&#32;&#32;&#32;&#32;&#32;&#32;&#32;&#32;&#32;&#32;&#32;<emphasis role="keywordtype">int</emphasis>&#32;pesoAleatorio&#32;=&#32;(rand()&#32;%&#32;100&#32;+&#32;1);&#32;<emphasis role="comment">//&#32;Peso&#32;aleatório&#32;para&#32;a&#32;aresta</emphasis>
545 
546 &#32;&#32;&#32;&#32;&#32;&#32;&#32;&#32;&#32;&#32;&#32;&#32;<emphasis role="comment">//&#32;Tentar&#32;inserir&#32;a&#32;aresta</emphasis>
547 &#32;&#32;&#32;&#32;&#32;&#32;&#32;&#32;&#32;&#32;&#32;&#32;insereAresta(i,&#32;j,&#32;pesoAleatorio);
548 
549 &#32;&#32;&#32;&#32;&#32;&#32;&#32;&#32;&#32;&#32;&#32;&#32;<emphasis role="comment">//&#32;Verificar&#32;se&#32;o&#32;grafo&#32;atende&#32;aos&#32;requisitos</emphasis>
550 &#32;&#32;&#32;&#32;&#32;&#32;&#32;&#32;&#32;&#32;&#32;&#32;grafoValido&#32;=&#32;<link linkend="_classGrafoAbstract_1a1a9eb117bcd88e0a355e64ea9b1e98d9">grafoPronto</link>(ordem,&#32;grau,&#32;direcionado,&#32;componentesConexas,&#32;ponte,&#32;articulacao,&#32;completo,&#32;bipartido,&#32;arvore);
551 
552 &#32;&#32;&#32;&#32;&#32;&#32;&#32;&#32;&#32;&#32;&#32;&#32;<emphasis role="keywordflow">if</emphasis>&#32;(!grafoValido)&#32;{
553 &#32;&#32;&#32;&#32;&#32;&#32;&#32;&#32;&#32;&#32;&#32;&#32;&#32;&#32;&#32;&#32;<emphasis role="comment">//&#32;Se&#32;a&#32;inserção&#32;for&#32;inválida,&#32;remover&#32;a&#32;aresta</emphasis>
554 &#32;&#32;&#32;&#32;&#32;&#32;&#32;&#32;&#32;&#32;&#32;&#32;&#32;&#32;&#32;&#32;removeAresta(i,&#32;j);
555 &#32;&#32;&#32;&#32;&#32;&#32;&#32;&#32;&#32;&#32;&#32;&#32;}
556 &#32;&#32;&#32;&#32;&#32;&#32;&#32;&#32;}
557 
558 &#32;&#32;&#32;&#32;&#32;&#32;&#32;&#32;<emphasis role="comment">//&#32;Imprimir&#32;informações&#32;do&#32;grafo&#32;se&#32;ele&#32;atender&#32;aos&#32;requisitos</emphasis>
559 &#32;&#32;&#32;&#32;&#32;&#32;&#32;&#32;imprimeGrafo();
560 &#32;&#32;&#32;&#32;}
562 &#32;&#32;&#32;&#32;<emphasis role="keywordtype">bool</emphasis>&#32;<link linkend="_classGrafoAbstract_1a1a9eb117bcd88e0a355e64ea9b1e98d9">grafoPronto</link>(<emphasis role="keywordtype">int</emphasis>&#32;ordem,&#32;<emphasis role="keywordtype">int</emphasis>&#32;grau,&#32;<emphasis role="keywordtype">bool</emphasis>&#32;direcionado,&#32;<emphasis role="keywordtype">int</emphasis>&#32;cc,&#32;<emphasis role="keywordtype">bool</emphasis>&#32;ponte,&#32;<emphasis role="keywordtype">bool</emphasis>&#32;articulacao,&#32;<emphasis role="keywordtype">bool</emphasis>&#32;completo,&#32;<emphasis role="keywordtype">bool</emphasis>&#32;bipartido,&#32;<emphasis role="keywordtype">bool</emphasis>&#32;arvore)
563 &#32;&#32;&#32;&#32;{
564 &#32;&#32;&#32;&#32;&#32;&#32;&#32;&#32;<emphasis role="keywordflow">if</emphasis>(ordem!=getOrdem())
565 &#32;&#32;&#32;&#32;&#32;&#32;&#32;&#32;{
566 &#32;&#32;&#32;&#32;&#32;&#32;&#32;&#32;&#32;&#32;&#32;&#32;<emphasis role="keywordflow">return</emphasis>&#32;<emphasis role="keyword">false</emphasis>;
567 &#32;&#32;&#32;&#32;&#32;&#32;&#32;&#32;}
568 &#32;&#32;&#32;&#32;&#32;&#32;&#32;&#32;<emphasis role="keywordflow">if</emphasis>(grau&#32;!=&#32;getGrau())
569 &#32;&#32;&#32;&#32;&#32;&#32;&#32;&#32;{
570 &#32;&#32;&#32;&#32;&#32;&#32;&#32;&#32;&#32;&#32;&#32;&#32;<emphasis role="keywordflow">return</emphasis>&#32;<emphasis role="keyword">false</emphasis>;
571 &#32;&#32;&#32;&#32;&#32;&#32;&#32;&#32;}
572 &#32;&#32;&#32;&#32;&#32;&#32;&#32;&#32;<emphasis role="keywordflow">if</emphasis>(direcionado&#32;!=&#32;eh_direcionado())
573 &#32;&#32;&#32;&#32;&#32;&#32;&#32;&#32;{
574 &#32;&#32;&#32;&#32;&#32;&#32;&#32;&#32;&#32;&#32;&#32;&#32;<emphasis role="keywordflow">return</emphasis>&#32;<emphasis role="keyword">false</emphasis>;
575 &#32;&#32;&#32;&#32;&#32;&#32;&#32;&#32;}
576 &#32;&#32;&#32;&#32;&#32;&#32;&#32;&#32;<emphasis role="keywordflow">if</emphasis>(getNConexo()&#32;!=&#32;cc)
577 &#32;&#32;&#32;&#32;&#32;&#32;&#32;&#32;{
578 &#32;&#32;&#32;&#32;&#32;&#32;&#32;&#32;&#32;&#32;&#32;&#32;<emphasis role="keywordflow">return</emphasis>&#32;<emphasis role="keyword">false</emphasis>;
579 &#32;&#32;&#32;&#32;&#32;&#32;&#32;&#32;}
580 &#32;&#32;&#32;&#32;&#32;&#32;&#32;&#32;<emphasis role="keywordflow">if</emphasis>(ponte&#32;!=&#32;possuiPonte())
581 &#32;&#32;&#32;&#32;&#32;&#32;&#32;&#32;{
582 &#32;&#32;&#32;&#32;&#32;&#32;&#32;&#32;&#32;&#32;&#32;&#32;<emphasis role="keywordflow">return</emphasis>&#32;<emphasis role="keyword">false</emphasis>;
583 &#32;&#32;&#32;&#32;&#32;&#32;&#32;&#32;}
584 &#32;&#32;&#32;&#32;&#32;&#32;&#32;&#32;<emphasis role="keywordflow">if</emphasis>(articulacao&#32;!=&#32;possuiArticulacao())
585 &#32;&#32;&#32;&#32;&#32;&#32;&#32;&#32;{
586 &#32;&#32;&#32;&#32;&#32;&#32;&#32;&#32;&#32;&#32;&#32;&#32;<emphasis role="keywordflow">return</emphasis>&#32;<emphasis role="keyword">false</emphasis>;
587 &#32;&#32;&#32;&#32;&#32;&#32;&#32;&#32;}
588 &#32;&#32;&#32;&#32;&#32;&#32;&#32;&#32;<emphasis role="keywordflow">if</emphasis>(completo&#32;!=&#32;eh_completo())
589 &#32;&#32;&#32;&#32;&#32;&#32;&#32;&#32;{
590 &#32;&#32;&#32;&#32;&#32;&#32;&#32;&#32;&#32;&#32;&#32;&#32;<emphasis role="keywordflow">return</emphasis>&#32;<emphasis role="keyword">false</emphasis>;
591 &#32;&#32;&#32;&#32;&#32;&#32;&#32;&#32;}
592 &#32;&#32;&#32;&#32;&#32;&#32;&#32;&#32;<emphasis role="keywordflow">if</emphasis>(bipartido&#32;!=&#32;eh_bipartido())
593 &#32;&#32;&#32;&#32;&#32;&#32;&#32;&#32;{
594 &#32;&#32;&#32;&#32;&#32;&#32;&#32;&#32;&#32;&#32;&#32;&#32;<emphasis role="keywordflow">return</emphasis>&#32;<emphasis role="keyword">false</emphasis>;
595 &#32;&#32;&#32;&#32;&#32;&#32;&#32;&#32;}&#32;&#32;&#32;
596 &#32;&#32;&#32;&#32;&#32;&#32;&#32;&#32;<emphasis role="keywordflow">if</emphasis>(arvore&#32;!=&#32;eh_arvore())
597 &#32;&#32;&#32;&#32;&#32;&#32;&#32;&#32;{
598 &#32;&#32;&#32;&#32;&#32;&#32;&#32;&#32;&#32;&#32;&#32;&#32;<emphasis role="keywordflow">return</emphasis>&#32;<emphasis role="keyword">false</emphasis>;
599 &#32;&#32;&#32;&#32;&#32;&#32;&#32;&#32;}
600 &#32;&#32;&#32;&#32;&#32;&#32;&#32;&#32;<emphasis role="keywordflow">return</emphasis>&#32;<emphasis role="keyword">true</emphasis>;
601 &#32;&#32;&#32;&#32;}
602 
603 };
604 <emphasis role="preprocessor">#endif</emphasis>
</programlisting></section>
