<?xml version='1.0' encoding='UTF-8' standalone='no'?>
<section xmlns="http://docbook.org/ns/docbook" version="5.0" xmlns:xlink="http://www.w3.org/1999/xlink" xml:id="_GrafoAbstract_8hpp" xml:lang="pt">
<title>Referência ao ficheiro GrafoAbstract.hpp</title>
<indexterm><primary>GrafoAbstract.hpp</primary></indexterm>
<programlisting linenumbering="unnumbered">#include &lt;iostream&gt;<?linebreak?>#include &lt;fstream&gt;<?linebreak?></programlisting>Diagrama de dependências de inclusão para GrafoAbstract.hpp:<para>
    <informalfigure>
        <mediaobject>
            <imageobject>
                <imagedata width="50%" align="center" valign="middle" scalefit="0" fileref="GrafoAbstract_8hpp__incl.png"></imagedata>
            </imageobject>
        </mediaobject>
    </informalfigure>
</para>
Este grafo mostra quais são os ficheiros que incluem directamente ou indirectamente este ficheiro:<para>
    <informalfigure>
        <mediaobject>
            <imageobject>
                <imagedata width="50%" align="center" valign="middle" scalefit="0" fileref="GrafoAbstract_8hpp__dep__incl.png"></imagedata>
            </imageobject>
        </mediaobject>
    </informalfigure>
</para>
<simplesect>
    <title>Componentes    </title>
        <itemizedlist>
            <listitem><para>class <link linkend="_classGrafoAbstract">GrafoAbstract</link></para>
</listitem>
        </itemizedlist>
</simplesect>
<section>
<title>Descrição detalhada</title>

<para>Classe abstrata utilizada como base na construção das duas outras classes </para>
</section>
</section>
