<?xml version='1.0' encoding='UTF-8' standalone='no'?>
<book xmlns="http://docbook.org/ns/docbook" version="5.0" xmlns:xlink="http://www.w3.org/1999/xlink" xml:id="_index" xml:lang="pt">
    <info>
    <title>My Project</title>
    </info>
    <xi:include href="md_README.xml" xmlns:xi="http://www.w3.org/2001/XInclude"/>
<chapter>
    <title>Documentação da classe</title>
    <xi:include href="classGrafo__lista.xml" xmlns:xi="http://www.w3.org/2001/XInclude"/>
    <xi:include href="classGrafo__matriz.xml" xmlns:xi="http://www.w3.org/2001/XInclude"/>
    <xi:include href="classGrafoAbstract.xml" xmlns:xi="http://www.w3.org/2001/XInclude"/>
    <xi:include href="classLinked__list.xml" xmlns:xi="http://www.w3.org/2001/XInclude"/>
    <xi:include href="classLinked__Vertex.xml" xmlns:xi="http://www.w3.org/2001/XInclude"/>
    <xi:include href="classNode.xml" xmlns:xi="http://www.w3.org/2001/XInclude"/>
    <xi:include href="classNodeEdge.xml" xmlns:xi="http://www.w3.org/2001/XInclude"/>
    <xi:include href="classNodeVertex.xml" xmlns:xi="http://www.w3.org/2001/XInclude"/>
</chapter>
<chapter>
    <title>Documentação do ficheiro</title>
    <xi:include href="Grafo__lista_8cpp_source.xml" xmlns:xi="http://www.w3.org/2001/XInclude"/>
    <xi:include href="Grafo__lista_8h_source.xml" xmlns:xi="http://www.w3.org/2001/XInclude"/>
    <xi:include href="Grafo__matriz_8cpp_source.xml" xmlns:xi="http://www.w3.org/2001/XInclude"/>
    <xi:include href="Grafo__matriz_8h_source.xml" xmlns:xi="http://www.w3.org/2001/XInclude"/>
    <xi:include href="GrafoAbstract_8hpp.xml" xmlns:xi="http://www.w3.org/2001/XInclude"/>
    <xi:include href="GrafoAbstract_8hpp_source.xml" xmlns:xi="http://www.w3.org/2001/XInclude"/>
    <xi:include href="Linked__list_8hpp_source.xml" xmlns:xi="http://www.w3.org/2001/XInclude"/>
    <xi:include href="Linked__Vertex_8h_source.xml" xmlns:xi="http://www.w3.org/2001/XInclude"/>
    <xi:include href="Node_8h_source.xml" xmlns:xi="http://www.w3.org/2001/XInclude"/>
    <xi:include href="NodeEdge_8h_source.xml" xmlns:xi="http://www.w3.org/2001/XInclude"/>
    <xi:include href="NodeVertex_8h_source.xml" xmlns:xi="http://www.w3.org/2001/XInclude"/>
</chapter>
<index/>
</book>
