<?xml version='1.0' encoding='UTF-8' standalone='no'?>
<section xmlns="http://docbook.org/ns/docbook" version="5.0" xmlns:xlink="http://www.w3.org/1999/xlink" xml:id="_Linked__Vertex_8h_source" xml:lang="pt">
<title>Linked_Vertex.h</title>
<programlisting linenumbering="unnumbered">1 <emphasis role="preprocessor">&#32;&#32;&#32;&#32;#ifndef&#32;LINKED_VERTEX_H</emphasis>
2 <emphasis role="preprocessor">&#32;&#32;&#32;&#32;#define&#32;LINKED_VERTEX_H</emphasis>
3 
4 <emphasis role="preprocessor">&#32;&#32;&#32;&#32;#include&#32;&lt;iostream&gt;</emphasis>
5 <emphasis role="preprocessor">&#32;&#32;&#32;&#32;#include&#32;&quot;Linked_list.hpp&quot;</emphasis>
6 <emphasis role="preprocessor">&#32;&#32;&#32;&#32;#include&#32;&quot;NodeVertex.h&quot;</emphasis>
7 &#32;&#32;&#32;&#32;<emphasis role="keyword">class&#32;</emphasis><link linkend="_classLinked__Vertex_1a3b96387561adc599c1cd0df64b05952b">Linked_Vertex</link>&#32;:&#32;<emphasis role="keyword">public</emphasis>&#32;<link linkend="_classLinked__list_1a54be58d941e1da475472a5c5e5dc7786">Linked_list</link>&lt;NodeVertex&gt;
8 &#32;&#32;&#32;&#32;{
9 &#32;&#32;&#32;&#32;&#32;&#32;&#32;&#32;<emphasis role="keyword">private</emphasis>:
10 &#32;&#32;&#32;&#32;&#32;&#32;&#32;&#32;&#32;&#32;&#32;&#32;<emphasis role="keywordtype">bool</emphasis>&#32;arestaPonderada;
11 &#32;&#32;&#32;&#32;&#32;&#32;&#32;&#32;&#32;&#32;&#32;&#32;<emphasis role="keywordtype">bool</emphasis>&#32;verticePonderado;
12 &#32;&#32;&#32;&#32;&#32;&#32;&#32;&#32;<emphasis role="keyword">public</emphasis>:
14 &#32;&#32;&#32;&#32;&#32;&#32;&#32;&#32;&#32;&#32;&#32;&#32;<link linkend="_classLinked__Vertex_1a3b96387561adc599c1cd0df64b05952b">Linked_Vertex</link>()&#32;:&#32;<link linkend="_classLinked__list_1a54be58d941e1da475472a5c5e5dc7786">Linked_list</link>(){};
16 &#32;&#32;&#32;&#32;&#32;&#32;&#32;&#32;&#32;&#32;&#32;&#32;<link linkend="_classLinked__Vertex_1a79679b3c8dedd7329ae8d4a5d6da0027">~Linked_Vertex</link>(){
17 &#32;&#32;&#32;&#32;&#32;&#32;&#32;&#32;&#32;&#32;&#32;&#32;&#32;&#32;&#32;&#32;this-&gt;<link linkend="_classLinked__list_1a17e3103bf8064e6622004dec62b8ea0a">limpaNodes</link>();
18 &#32;&#32;&#32;&#32;&#32;&#32;&#32;&#32;&#32;&#32;&#32;&#32;&#32;&#32;&#32;&#32;ultimo&#32;=&#32;<emphasis role="keyword">nullptr</emphasis>;
19 &#32;&#32;&#32;&#32;&#32;&#32;&#32;&#32;&#32;&#32;&#32;&#32;&#32;&#32;&#32;&#32;};
21 &#32;&#32;&#32;&#32;&#32;&#32;&#32;&#32;&#32;&#32;&#32;&#32;<emphasis role="keywordtype">bool</emphasis>&#32;<link linkend="_classLinked__Vertex_1a5085c4f1957f9a0fe1adb40104134333">getArestaPonderada</link>()&#32;{&#32;<emphasis role="keywordflow">return</emphasis>&#32;this-&gt;arestaPonderada;};
23 &#32;&#32;&#32;&#32;&#32;&#32;&#32;&#32;&#32;&#32;&#32;&#32;<emphasis role="keywordtype">void</emphasis>&#32;<link linkend="_classLinked__Vertex_1a5f3bdf2af571dfe1f456138c2a630a83">setArestaPonderada</link>(<emphasis role="keywordtype">bool</emphasis>&#32;val){this-&gt;arestaPonderada&#32;=&#32;val;};
25 &#32;&#32;&#32;&#32;&#32;&#32;&#32;&#32;&#32;&#32;&#32;&#32;<emphasis role="keywordtype">bool</emphasis>&#32;<link linkend="_classLinked__Vertex_1a9d5e6d6ed85c555df09515fecd901f97">getVerticePonderado</link>(){<emphasis role="keywordflow">return</emphasis>&#32;this-&gt;verticePonderado;};&#32;
27 &#32;&#32;&#32;&#32;&#32;&#32;&#32;&#32;&#32;&#32;&#32;&#32;<emphasis role="keywordtype">void</emphasis>&#32;<link linkend="_classLinked__Vertex_1aab0dea1ef7c1c5b93bc0f615fc6e72af">setVerticePonderado</link>(<emphasis role="keywordtype">bool</emphasis>&#32;val){this-&gt;verticePonderado&#32;=&#32;val;};
29 &#32;&#32;&#32;&#32;&#32;&#32;&#32;&#32;&#32;&#32;&#32;&#32;<emphasis role="keywordtype">void</emphasis>&#32;<link linkend="_classLinked__Vertex_1a6943b907782fcd7189db4a633a111c62">insereAresta</link>(<emphasis role="keywordtype">int</emphasis>&#32;origem,&#32;<emphasis role="keywordtype">int</emphasis>&#32;destino,&#32;<emphasis role="keywordtype">int</emphasis>&#32;val)
30 &#32;&#32;&#32;&#32;&#32;&#32;&#32;&#32;&#32;&#32;&#32;&#32;{
31 &#32;&#32;&#32;&#32;&#32;&#32;&#32;&#32;&#32;&#32;&#32;&#32;&#32;&#32;&#32;&#32;<link linkend="_classNodeVertex">NodeVertex</link>*&#32;noOrigem&#32;=&#32;<link linkend="_classLinked__list_1af1d4f5ed4b06c8ba3898159a11c0762a">getNodeById</link>(origem-1);
32 &#32;&#32;&#32;&#32;&#32;&#32;&#32;&#32;&#32;&#32;&#32;&#32;&#32;&#32;&#32;&#32;<link linkend="_classLinked__list_1a54be58d941e1da475472a5c5e5dc7786">Linked_list&lt;NodeEdge&gt;</link>*&#32;arestas&#32;=&#32;noOrigem-&gt;<link linkend="_classNodeVertex_1a77d53e9ca5af405938df4178efaae8c5">getArestas</link>();
33 &#32;&#32;&#32;&#32;&#32;&#32;&#32;&#32;&#32;&#32;&#32;&#32;&#32;&#32;&#32;&#32;arestas-&gt;<link linkend="_classLinked__list_1ad68dcfd7efeba688a38415bef82bb184">insereFinal</link>(destino-1);
34 &#32;&#32;&#32;&#32;&#32;&#32;&#32;&#32;&#32;&#32;&#32;&#32;&#32;&#32;&#32;&#32;arestas-&gt;<link linkend="_classLinked__list_1a67853c0cb82aad5bfba932bae6eb8402">getUltimo</link>()-&gt;setPeso(val);
35 &#32;&#32;&#32;&#32;&#32;&#32;&#32;&#32;&#32;&#32;&#32;&#32;};
36 &#32;&#32;&#32;&#32;};
37 <emphasis role="preprocessor">&#32;&#32;&#32;&#32;#endif</emphasis>
</programlisting></section>
