<?xml version='1.0' encoding='UTF-8' standalone='no'?>
<section xmlns="http://docbook.org/ns/docbook" version="5.0" xmlns:xlink="http://www.w3.org/1999/xlink" xml:id="_NodeVertex_8h_source" xml:lang="pt">
<title>NodeVertex.h</title>
<programlisting linenumbering="unnumbered">1 <emphasis role="preprocessor">#ifndef&#32;NODEVERTEX_H</emphasis>
2 <emphasis role="preprocessor">#define&#32;NODEVERTEX_H</emphasis>
3 <emphasis role="preprocessor">#include&#32;&quot;Node.h&quot;</emphasis>
4 <emphasis role="preprocessor">#include&#32;&quot;Linked_list.hpp&quot;</emphasis>
5 <emphasis role="preprocessor">#include&#32;&quot;NodeEdge.h&quot;</emphasis>
6 
7 <emphasis role="keyword">class&#32;</emphasis>NodeVertex&#32;:&#32;<emphasis role="keyword">public</emphasis>&#32;<link linkend="_classNode_1ad7a34779cad45d997bfd6d3d8043c75f">Node</link>
8 {
9 &#32;&#32;&#32;&#32;
10 &#32;&#32;&#32;&#32;<emphasis role="keyword">private</emphasis>:
12 &#32;&#32;&#32;&#32;<link linkend="_classLinked__list">Linked_list&lt;NodeEdge&gt;</link>*&#32;Arestas;
13 
14 &#32;&#32;&#32;&#32;<emphasis role="keyword">public</emphasis>:
15 &#32;&#32;&#32;&#32;NodeVertex()&#32;:&#32;<link linkend="_classNode_1ad7a34779cad45d997bfd6d3d8043c75f">Node</link>(){
16 &#32;&#32;&#32;&#32;&#32;&#32;&#32;&#32;Arestas&#32;=&#32;<emphasis role="keyword">new</emphasis>&#32;<link linkend="_classLinked__list">Linked_list&lt;NodeEdge&gt;</link>();
17 &#32;&#32;&#32;&#32;&#32;&#32;&#32;&#32;};
18 &#32;&#32;&#32;&#32;~NodeVertex(){<emphasis role="keyword">delete</emphasis>&#32;Arestas;};
20 &#32;&#32;&#32;&#32;<link linkend="_classLinked__list">Linked_list&lt;NodeEdge&gt;</link>*&#32;<link linkend="_classNodeVertex_1a77d53e9ca5af405938df4178efaae8c5">getArestas</link>(){<emphasis role="keywordflow">return</emphasis>&#32;this-&gt;Arestas;};
21 
22 };
23 
24 <emphasis role="preprocessor">#endif</emphasis>
</programlisting></section>
