<?xml version='1.0' encoding='UTF-8' standalone='no'?>
<section xmlns="http://docbook.org/ns/docbook" version="5.0" xmlns:xlink="http://www.w3.org/1999/xlink" xml:id="_NodeEdge_8h_source" xml:lang="pt">
<title>NodeEdge.h</title>
<programlisting linenumbering="unnumbered">1 <emphasis role="preprocessor">#ifndef&#32;NODEEDGE_H</emphasis>
2 <emphasis role="preprocessor">#define&#32;NODEEDGE_H</emphasis>
3 <emphasis role="preprocessor">#include&#32;&quot;Node.h&quot;</emphasis>
4 
5 <emphasis role="keyword">class&#32;</emphasis>NodeEdge&#32;:&#32;<emphasis role="keyword">public</emphasis>&#32;<link linkend="_classNode_1ad7a34779cad45d997bfd6d3d8043c75f">Node</link>
6 {
7 &#32;&#32;&#32;&#32;
8 &#32;&#32;&#32;&#32;<emphasis role="keyword">private</emphasis>:
9 &#32;&#32;&#32;&#32;<emphasis role="keywordtype">int</emphasis>&#32;peso;
10 
11 &#32;&#32;&#32;&#32;<emphasis role="keyword">public</emphasis>:
12 &#32;&#32;&#32;&#32;NodeEdge()&#32;:&#32;<link linkend="_classNode_1ad7a34779cad45d997bfd6d3d8043c75f">Node</link>(){
13 &#32;&#32;&#32;&#32;&#32;&#32;&#32;&#32;
14 &#32;&#32;&#32;&#32;};
15 &#32;&#32;&#32;&#32;~NodeEdge(){};&#32;
17 &#32;&#32;&#32;&#32;<emphasis role="keywordtype">int</emphasis>&#32;<link linkend="_classNodeEdge_1afca41a515e991fb76f90bcc3368497da">getPeso</link>(){<emphasis role="keywordflow">return</emphasis>&#32;this-&gt;peso;};
19 &#32;&#32;&#32;&#32;<emphasis role="keywordtype">void</emphasis>&#32;<link linkend="_classNodeEdge_1a4dc69269cfc61d71dbef0c0ce6bbb8fd">setPeso</link>(<emphasis role="keywordtype">int</emphasis>&#32;val){this-&gt;peso&#32;=&#32;val;};
20 
21 };
22 
23 <emphasis role="preprocessor">#endif</emphasis>
</programlisting></section>
